filename,width,height,class,xmin,ymin,xmax,ymax
PowerOn_Internet_1_2_3_4__333645.jpg,1066,150,power_on,278,52,308,88
PowerOn_Internet_1_2_3_4__333645.jpg,1066,150,internet_on,342,55,375,94
PowerOn_Internet_1_2_3_4__333645.jpg,1066,150,1_on,531,50,556,90
PowerOn_Internet_1_2_3_4__333645.jpg,1066,150,2_on,595,47,622,96
PowerOn_Internet_1_2_3_4__333645.jpg,1066,150,3_on,654,46,681,94
PowerOn_Internet_1_2_3_4__333645.jpg,1066,150,4_on,716,47,746,93
PowerOn_Internet_1_2_3_4__275837.jpg,1066,150,power_on,293,63,325,95
PowerOn_Internet_1_2_3_4__275837.jpg,1066,150,internet_on,353,63,391,96
PowerOn_Internet_1_2_3_4__275837.jpg,1066,150,1_on,549,59,575,93
PowerOn_Internet_1_2_3_4__275837.jpg,1066,150,2_on,607,60,636,98
PowerOn_Internet_1_2_3_4__275837.jpg,1066,150,3_on,667,59,701,96
PowerOn_Internet_1_2_3_4__275837.jpg,1066,150,4_on,727,58,763,97
PowerOn_Internet_1_2_3_4__415368.jpg,1066,150,power_on,265,63,286,95
PowerOn_Internet_1_2_3_4__415368.jpg,1066,150,internet_on,320,63,347,99
PowerOn_Internet_1_2_3_4__415368.jpg,1066,150,1_on,496,60,521,96
PowerOn_Internet_1_2_3_4__415368.jpg,1066,150,2_on,560,60,585,96
PowerOn_Internet_1_2_3_4__415368.jpg,1066,150,3_on,624,56,646,99
PowerOn_Internet_1_2_3_4__415368.jpg,1066,150,4_on,682,51,706,98
PowerOn_Internet_1_2_3_4__324098.jpg,1066,150,power_on,309,69,339,104
PowerOn_Internet_1_2_3_4__324098.jpg,1066,150,internet_on,368,65,394,105
PowerOn_Internet_1_2_3_4__324098.jpg,1066,150,1_on,545,65,567,102
PowerOn_Internet_1_2_3_4__324098.jpg,1066,150,2_on,605,59,630,105
PowerOn_Internet_1_2_3_4__324098.jpg,1066,150,3_on,663,69,685,110
PowerOn_Internet_1_2_3_4__324098.jpg,1066,150,4_on,721,70,748,109
PowerOn_Internet_1_2_3_4__325634.jpg,1066,150,power_on,281,61,314,106
PowerOn_Internet_1_2_3_4__325634.jpg,1066,150,internet_on,345,63,376,96
PowerOn_Internet_1_2_3_4__325634.jpg,1066,150,1_on,531,63,547,98
PowerOn_Internet_1_2_3_4__325634.jpg,1066,150,2_on,589,64,614,100
PowerOn_Internet_1_2_3_4__325634.jpg,1066,150,3_on,648,62,676,102
PowerOn_Internet_1_2_3_4__325634.jpg,1066,150,4_on,713,59,738,105
PowerOn_Internet_1_2_3_4__423585.jpg,1066,150,power_on,288,64,319,100
PowerOn_Internet_1_2_3_4__423585.jpg,1066,150,internet_on,350,63,381,104
PowerOn_Internet_1_2_3_4__423585.jpg,1066,150,1_on,528,63,556,99
PowerOn_Internet_1_2_3_4__423585.jpg,1066,150,2_on,588,62,614,105
PowerOn_Internet_1_2_3_4__423585.jpg,1066,150,3_on,646,70,667,103
PowerOn_Internet_1_2_3_4__423585.jpg,1066,150,4_on,699,65,727,105
PowerOn_2hz_5hz__610185.jpg,1066,150,power_on,270,77,289,105
PowerOn_2hz_5hz__610185.jpg,1066,150,2hz_on,384,74,427,102
PowerOn_2hz_5hz__610185.jpg,1066,150,5hz_on,452,77,488,102
PowerOn_Internet_1_2_3_4__281592.jpg,1066,150,power_on,329,66,359,102
PowerOn_Internet_1_2_3_4__281592.jpg,1066,150,internet_on,391,64,423,106
PowerOn_Internet_1_2_3_4__281592.jpg,1066,150,1_on,578,67,602,106
PowerOn_Internet_1_2_3_4__281592.jpg,1066,150,2_on,629,68,660,111
PowerOn_Internet_1_2_3_4__281592.jpg,1066,150,3_on,683,65,716,111
PowerOn_Internet_1_2_3_4__281592.jpg,1066,150,4_on,740,69,779,113
PowerOn_Internet_1_2_3_4__424375.jpg,1066,150,power_on,288,60,311,95
PowerOn_Internet_1_2_3_4__424375.jpg,1066,150,internet_on,349,56,377,90
PowerOn_Internet_1_2_3_4__424375.jpg,1066,150,1_on,535,56,556,93
PowerOn_Internet_1_2_3_4__424375.jpg,1066,150,2_on,592,55,617,94
PowerOn_Internet_1_2_3_4__424375.jpg,1066,150,3_on,657,59,682,99
PowerOn_Internet_1_2_3_4__424375.jpg,1066,150,3_on,708,57,737,95
PowerOn_Internet_1_2_3_4__436215.jpg,1066,150,power_on,288,66,319,98
PowerOn_Internet_1_2_3_4__436215.jpg,1066,150,internet_on,352,69,384,101
PowerOn_Internet_1_2_3_4__436215.jpg,1066,150,1_on,537,62,560,99
PowerOn_Internet_1_2_3_4__436215.jpg,1066,150,2_on,602,66,625,107
PowerOn_Internet_1_2_3_4__436215.jpg,1066,150,3_on,658,61,689,109
PowerOn_Internet_1_2_3_4__436215.jpg,1066,150,4_on,717,64,747,106
PowerOn_2hz_5hz__793878.jpg,1066,150,power_on,313,69,341,99
PowerOn_2hz_5hz__793878.jpg,1066,150,2hz_on,423,69,463,98
PowerOn_2hz_5hz__793878.jpg,1066,150,5hz_on,476,69,524,99
PowerOn_Internet_1_2_3_4__367229.jpg,1066,150,power_on,293,59,322,93
PowerOn_Internet_1_2_3_4__367229.jpg,1066,150,internet_on,353,61,389,94
PowerOn_Internet_1_2_3_4__367229.jpg,1066,150,1_on,543,57,567,96
PowerOn_Internet_1_2_3_4__367229.jpg,1066,150,2_on,602,59,633,102
PowerOn_Internet_1_2_3_4__367229.jpg,1066,150,3_on,662,59,685,99
PowerOn_Internet_1_2_3_4__367229.jpg,1066,150,4_on,717,57,748,105
PowerOn_Internet_1_2_3_4__447820.jpg,1066,150,power_on,292,61,324,97
PowerOn_Internet_1_2_3_4__447820.jpg,1066,150,internet_on,353,59,386,99
PowerOn_Internet_1_2_3_4__447820.jpg,1066,150,1_on,538,57,570,98
PowerOn_Internet_1_2_3_4__447820.jpg,1066,150,2_on,602,59,627,99
PowerOn_Internet_1_2_3_4__447820.jpg,1066,150,3_on,662,59,682,99
PowerOn_Internet_1_2_3_4__447820.jpg,1066,150,4_on,717,64,749,106
PowerOn_2hz_5hz__888466.jpg,1066,150,power_on,266,79,289,106
PowerOn_2hz_5hz__888466.jpg,1066,150,2hz_on,378,81,420,105
PowerOn_2hz_5hz__888466.jpg,1066,150,5hz_on,445,77,483,108
PowerOn_Internet_1_2_3_4__279405.jpg,1066,150,power_on,320,63,353,98
PowerOn_Internet_1_2_3_4__279405.jpg,1066,150,internet_on,385,63,420,98
PowerOn_Internet_1_2_3_4__279405.jpg,1066,150,1_on,570,55,592,94
PowerOn_Internet_1_2_3_4__279405.jpg,1066,150,2_on,623,62,655,102
PowerOn_Internet_1_2_3_4__279405.jpg,1066,150,3_on,684,60,709,105
PowerOn_Internet_1_2_3_4__279405.jpg,1066,150,4_on,737,56,770,102
PowerOn_2hz_5hz__765242.jpg,1066,150,power_on,269,78,296,105
PowerOn_2hz_5hz__765242.jpg,1066,150,2hz_on,388,78,422,101
PowerOn_2hz_5hz__765242.jpg,1066,150,5hz_on,446,77,484,105
PowerOn_2hz_5hz__898729.jpg,1066,150,power_on,267,77,289,105
PowerOn_2hz_5hz__898729.jpg,1066,150,2hz_on,387,78,420,103
PowerOn_2hz_5hz__898729.jpg,1066,150,5hz_on,449,77,475,105
PowerOn_Internet_1_2_3_4__251606.jpg,1066,150,power_on,282,60,315,96
PowerOn_Internet_1_2_3_4__251606.jpg,1066,150,internet_on,342,60,374,98
PowerOn_Internet_1_2_3_4__251606.jpg,1066,150,1_on,533,56,562,93
PowerOn_Internet_1_2_3_4__251606.jpg,1066,150,2_on,595,54,625,98
PowerOn_Internet_1_2_3_4__251606.jpg,1066,150,3_on,656,53,686,99
PowerOn_Internet_1_2_3_4__251606.jpg,1066,150,4_on,716,56,751,99
PowerOn_Internet_1_2_3_4__290073.jpg,1066,150,power_on,319,62,355,105
PowerOn_Internet_1_2_3_4__290073.jpg,1066,150,internet_on,381,63,412,102
PowerOn_Internet_1_2_3_4__290073.jpg,1066,150,1_on,565,56,590,99
PowerOn_Internet_1_2_3_4__290073.jpg,1066,150,2_on,621,60,654,107
PowerOn_Internet_1_2_3_4__290073.jpg,1066,150,3_on,681,62,712,105
PowerOn_Internet_1_2_3_4__290073.jpg,1066,150,4_on,734,59,770,105
PowerOn_Internet_1_2_3_4__405025.jpg,1066,150,power_on,260,68,290,105
PowerOn_Internet_1_2_3_4__405025.jpg,1066,150,internet_on,321,69,353,105
PowerOn_Internet_1_2_3_4__405025.jpg,1066,150,1_on,503,63,521,102
PowerOn_Internet_1_2_3_4__405025.jpg,1066,150,2_on,567,65,586,105
PowerOn_Internet_1_2_3_4__405025.jpg,1066,150,3_on,630,62,648,105
PowerOn_Internet_1_2_3_4__405025.jpg,1066,150,4_on,684,63,709,107
PowerOn_Internet_1_2_3_4__428148.jpg,1066,150,power_on,299,62,324,93
PowerOn_Internet_1_2_3_4__428148.jpg,1066,150,internet_on,357,63,384,98
PowerOn_Internet_1_2_3_4__428148.jpg,1066,150,1_on,545,57,567,98
PowerOn_Internet_1_2_3_4__428148.jpg,1066,150,2_on,596,58,629,97
PowerOn_Internet_1_2_3_4__428148.jpg,1066,150,2_on,660,56,688,99
PowerOn_Internet_1_2_3_4__428148.jpg,1066,150,4_on,717,60,749,102
PowerOn_Internet_1_2_3_4__449944.jpg,1066,150,power_on,293,57,322,96
PowerOn_Internet_1_2_3_4__449944.jpg,1066,150,internet_on,351,66,376,96
PowerOn_Internet_1_2_3_4__449944.jpg,1066,150,1_on,545,50,564,93
PowerOn_Internet_1_2_3_4__449944.jpg,1066,150,2_on,597,57,622,95
PowerOn_Internet_1_2_3_4__449944.jpg,1066,150,3_on,663,61,682,91
PowerOn_Internet_1_2_3_4__449944.jpg,1066,150,4_on,720,57,744,102
PowerOn_Internet_1_2_3_4__235746.jpg,1066,150,power_on,274,76,301,106
PowerOn_Internet_1_2_3_4__235746.jpg,1066,150,internet_on,338,78,366,105
PowerOn_Internet_1_2_3_4__235746.jpg,1066,150,1_on,520,70,553,106
PowerOn_Internet_1_2_3_4__235746.jpg,1066,150,2_on,585,69,617,107
PowerOn_Internet_1_2_3_4__235746.jpg,1066,150,3_on,645,70,677,106
PowerOn_Internet_1_2_3_4__235746.jpg,1066,150,4_on,708,72,735,107
PowerOn_Internet_1_2_3_4__338925.jpg,1066,150,power_on,330,56,361,105
PowerOn_Internet_1_2_3_4__338925.jpg,1066,150,internet_on,389,64,423,106
PowerOn_Internet_1_2_3_4__338925.jpg,1066,150,1_on,580,69,602,105
PowerOn_Internet_1_2_3_4__338925.jpg,1066,150,2_on,631,62,659,105
PowerOn_Internet_1_2_3_4__338925.jpg,1066,150,3_on,686,63,720,107
PowerOn_Internet_1_2_3_4__338925.jpg,1066,150,4_on,750,66,776,116
PowerOn_Internet_1_2_3_4__411134.jpg,1066,150,power_on,295,57,327,99
PowerOn_Internet_1_2_3_4__411134.jpg,1066,150,internet_on,356,56,388,99
PowerOn_Internet_1_2_3_4__411134.jpg,1066,150,1_on,540,55,564,94
PowerOn_Internet_1_2_3_4__411134.jpg,1066,150,2_on,598,59,631,99
PowerOn_Internet_1_2_3_4__411134.jpg,1066,150,3_on,662,57,688,105
PowerOn_Internet_1_2_3_4__411134.jpg,1066,150,4_on,721,57,748,102
PowerOn_2hz_5hz__957798.jpg,1066,150,power_on,267,77,296,105
PowerOn_2hz_5hz__957798.jpg,1066,150,2hz_on,384,77,425,102
PowerOn_2hz_5hz__957798.jpg,1066,150,5hz_on,452,77,488,105
PowerOn_Internet_1_2_3_4__409551.jpg,1066,150,power_on,274,66,306,102
PowerOn_Internet_1_2_3_4__409551.jpg,1066,150,internet_on,335,68,360,102
PowerOn_Internet_1_2_3_4__409551.jpg,1066,150,1_on,520,66,546,101
PowerOn_Internet_1_2_3_4__409551.jpg,1066,150,2_on,585,69,605,101
PowerOn_Internet_1_2_3_4__409551.jpg,1066,150,3_on,645,65,671,111
PowerOn_Internet_1_2_3_4__409551.jpg,1066,150,4_on,711,74,738,111
PowerOn_Internet_1_2_3_4__408115.jpg,1066,150,power_on,297,57,324,98
PowerOn_Internet_1_2_3_4__408115.jpg,1066,150,internet_on,353,56,386,99
PowerOn_Internet_1_2_3_4__408115.jpg,1066,150,1_on,543,57,567,95
PowerOn_Internet_1_2_3_4__408115.jpg,1066,150,2_on,599,56,629,99
PowerOn_Internet_1_2_3_4__408115.jpg,1066,150,3_on,664,59,688,102
PowerOn_Internet_1_2_3_4__408115.jpg,1066,150,4_on,721,63,745,102
PowerOn_Internet_1_2_3_4__273688.jpg,1066,150,power_on,328,66,361,96
PowerOn_Internet_1_2_3_4__273688.jpg,1066,150,internet_on,386,67,421,100
PowerOn_Internet_1_2_3_4__273688.jpg,1066,150,1_on,574,63,599,96
PowerOn_Internet_1_2_3_4__273688.jpg,1066,150,2_on,628,63,660,102
PowerOn_Internet_1_2_3_4__273688.jpg,1066,150,3_on,689,63,717,102
PowerOn_Internet_1_2_3_4__273688.jpg,1066,150,4_on,746,62,772,102
PowerOn_Internet_1_2_3_4__278534.jpg,1066,150,power_on,276,64,307,100
PowerOn_Internet_1_2_3_4__278534.jpg,1066,150,internet_on,333,66,364,98
PowerOn_Internet_1_2_3_4__278534.jpg,1066,150,1_on,515,66,545,102
PowerOn_Internet_1_2_3_4__278534.jpg,1066,150,2_on,572,64,602,106
PowerOn_Internet_1_2_3_4__278534.jpg,1066,150,3_on,631,65,661,105
PowerOn_Internet_1_2_3_4__278534.jpg,1066,150,4_on,691,63,721,105
PowerOn_Internet_1_2_3_4__310105.jpg,1066,150,power_on,289,60,319,102
PowerOn_Internet_1_2_3_4__310105.jpg,1066,150,internet_on,350,59,382,105
PowerOn_Internet_1_2_3_4__310105.jpg,1066,150,1_on,524,66,556,110
PowerOn_Internet_1_2_3_4__310105.jpg,1066,150,2_on,587,66,617,110
PowerOn_Internet_1_2_3_4__310105.jpg,1066,150,3_on,642,67,668,109
PowerOn_Internet_1_2_3_4__310105.jpg,1066,150,4_on,701,66,731,110
PowerOn_Internet_1_2_3_4__295697.jpg,1066,150,power_on,259,66,295,104
PowerOn_Internet_1_2_3_4__295697.jpg,1066,150,internet_on,323,70,356,103
PowerOn_Internet_1_2_3_4__295697.jpg,1066,150,1_on,507,63,531,98
PowerOn_Internet_1_2_3_4__295697.jpg,1066,150,2_on,561,59,595,102
PowerOn_Internet_1_2_3_4__295697.jpg,1066,150,3_on,620,62,654,102
PowerOn_Internet_1_2_3_4__295697.jpg,1066,150,4_on,692,62,718,102
PowerOn_Internet_1_2_3_4__288215.jpg,1066,150,power_on,257,63,292,95
PowerOn_Internet_1_2_3_4__288215.jpg,1066,150,internet_on,318,62,353,96
PowerOn_Internet_1_2_3_4__288215.jpg,1066,150,1_on,503,59,526,93
PowerOn_Internet_1_2_3_4__288215.jpg,1066,150,2_on,561,60,590,102
PowerOn_Internet_1_2_3_4__288215.jpg,1066,150,3_on,623,60,653,98
PowerOn_Internet_1_2_3_4__288215.jpg,1066,150,4_on,688,60,717,102
PowerOn_2hz_5hz__794678.jpg,1066,150,power_on,267,77,294,105
PowerOn_2hz_5hz__794678.jpg,1066,150,2hz_on,383,73,427,99
PowerOn_2hz_5hz__794678.jpg,1066,150,5hz_on,451,77,483,102
PowerOn_Internet_1_2_3_4__440352.jpg,1066,150,power_on,296,57,321,98
PowerOn_Internet_1_2_3_4__440352.jpg,1066,150,internet_on,355,60,385,99
PowerOn_Internet_1_2_3_4__440352.jpg,1066,150,1_on,543,60,567,95
PowerOn_Internet_1_2_3_4__440352.jpg,1066,150,2_on,602,59,626,102
PowerOn_Internet_1_2_3_4__440352.jpg,1066,150,3_on,662,62,683,99
PowerOn_Internet_1_2_3_4__440352.jpg,1066,150,4_on,719,59,741,105
PowerOn_Internet_1_2_3_4__320831.jpg,1066,150,power_on,302,65,327,105
PowerOn_Internet_1_2_3_4__320831.jpg,1066,150,internet_on,358,64,388,109
PowerOn_Internet_1_2_3_4__320831.jpg,1066,150,1_on,538,63,570,113
PowerOn_Internet_1_2_3_4__320831.jpg,1066,150,2_on,599,69,626,110
PowerOn_Internet_1_2_3_4__320831.jpg,1066,150,3_on,656,62,679,114
PowerOn_Internet_1_2_3_4__320831.jpg,1066,150,4_on,712,63,748,116
PowerOn_2hz_5hz__679902.jpg,1066,150,power_on,269,77,295,105
PowerOn_2hz_5hz__679902.jpg,1066,150,2hz_on,383,80,425,105
PowerOn_2hz_5hz__679902.jpg,1066,150,5hz_on,448,77,489,106
PowerOn_Internet_1_2_3_4__266494.jpg,1066,150,power_on,299,62,326,99
PowerOn_Internet_1_2_3_4__266494.jpg,1066,150,internet_on,359,62,389,99
PowerOn_Internet_1_2_3_4__266494.jpg,1066,150,1_on,543,60,570,99
PowerOn_Internet_1_2_3_4__266494.jpg,1066,150,2_on,599,62,631,102
PowerOn_Internet_1_2_3_4__266494.jpg,1066,150,3_on,658,64,688,103
PowerOn_Internet_1_2_3_4__266494.jpg,1066,150,4_on,719,66,746,101
PowerOn_Internet_1_2_3_4__422649.jpg,1066,150,power_on,289,66,314,96
PowerOn_Internet_1_2_3_4__422649.jpg,1066,150,internet_on,351,66,376,95
PowerOn_Internet_1_2_3_4__422649.jpg,1066,150,1_on,521,63,548,95
PowerOn_Internet_1_2_3_4__422649.jpg,1066,150,2_on,586,66,613,98
PowerOn_Internet_1_2_3_4__422649.jpg,1066,150,3_on,646,66,668,102
PowerOn_Internet_1_2_3_4__422649.jpg,1066,150,4_on,706,60,733,105
PowerOn_2hz_5hz__502312.jpg,1066,150,power_on,270,77,292,105
PowerOn_2hz_5hz__502312.jpg,1066,150,2hz_on,386,74,421,102
PowerOn_2hz_5hz__502312.jpg,1066,150,5hz_on,446,75,476,106
PowerOn_Internet_1_2_3_4__452726.jpg,1066,150,power_on,287,63,323,98
PowerOn_Internet_1_2_3_4__452726.jpg,1066,150,internet_on,347,65,374,99
PowerOn_Internet_1_2_3_4__452726.jpg,1066,150,1_on,531,65,558,99
PowerOn_Internet_1_2_3_4__452726.jpg,1066,150,2_on,586,62,609,105
PowerOn_Internet_1_2_3_4__452726.jpg,1066,150,3_on,643,66,670,104
PowerOn_Internet_1_2_3_4__452726.jpg,1066,150,4_on,696,63,724,104
PowerOn_Internet_1_2_3_4__320470.jpg,1066,150,power_on,285,71,319,105
PowerOn_Internet_1_2_3_4__320470.jpg,1066,150,internet_on,346,62,384,105
PowerOn_Internet_1_2_3_4__320470.jpg,1066,150,1_on,535,60,556,105
PowerOn_Internet_1_2_3_4__320470.jpg,1066,150,2_on,590,59,617,105
PowerOn_Internet_1_2_3_4__320470.jpg,1066,150,3_on,652,60,685,113
PowerOn_Internet_1_2_3_4__320470.jpg,1066,150,4_on,706,66,738,107
PowerOn_Internet_1_2_3_4__326997.jpg,1066,150,power_on,293,63,329,105
PowerOn_Internet_1_2_3_4__326997.jpg,1066,150,internet_on,353,63,388,104
PowerOn_Internet_1_2_3_4__326997.jpg,1066,150,1_on,544,59,567,102
PowerOn_Internet_1_2_3_4__326997.jpg,1066,150,2_on,606,62,627,105
PowerOn_Internet_1_2_3_4__326997.jpg,1066,150,3_on,660,62,688,108
PowerOn_Internet_1_2_3_4__326997.jpg,1066,150,4_on,723,62,746,105
PowerOn_Internet_1_2_3_4__442079.jpg,1066,150,power_on,278,60,313,98
PowerOn_Internet_1_2_3_4__442079.jpg,1066,150,internet_on,340,62,376,102
PowerOn_Internet_1_2_3_4__442079.jpg,1066,150,1_on,532,59,556,99
PowerOn_Internet_1_2_3_4__442079.jpg,1066,150,2_on,585,60,620,105
PowerOn_Internet_1_2_3_4__442079.jpg,1066,150,3_on,649,64,678,106
PowerOn_Internet_1_2_3_4__442079.jpg,1066,150,4_on,713,59,738,102
PowerOn_Internet_1_2_3_4__248727.jpg,1066,150,power_on,282,58,309,91
PowerOn_Internet_1_2_3_4__248727.jpg,1066,150,internet_on,339,56,374,93
PowerOn_Internet_1_2_3_4__248727.jpg,1066,150,1_on,527,50,557,96
PowerOn_Internet_1_2_3_4__248727.jpg,1066,150,2_on,587,51,621,98
PowerOn_Internet_1_2_3_4__248727.jpg,1066,150,3_on,653,52,681,97
PowerOn_Internet_1_2_3_4__248727.jpg,1066,150,4_on,708,54,738,98
PowerOn_Internet_1_2_3_4__458814.jpg,1066,150,power_on,289,64,320,100
PowerOn_Internet_1_2_3_4__458814.jpg,1066,150,internet_on,354,63,381,101
PowerOn_Internet_1_2_3_4__458814.jpg,1066,150,1_on,540,64,565,100
PowerOn_Internet_1_2_3_4__458814.jpg,1066,150,2_on,602,62,624,102
PowerOn_Internet_1_2_3_4__458814.jpg,1066,150,3_on,660,62,688,105
PowerOn_Internet_1_2_3_4__458814.jpg,1066,150,4_on,719,65,749,105
PowerOn_Internet_1_2_3_4__270482.jpg,1066,150,power_on,277,60,309,95
PowerOn_Internet_1_2_3_4__270482.jpg,1066,150,internet_on,338,62,372,102
PowerOn_Internet_1_2_3_4__270482.jpg,1066,150,1_on,529,53,556,99
PowerOn_Internet_1_2_3_4__270482.jpg,1066,150,2_on,585,57,621,98
PowerOn_Internet_1_2_3_4__270482.jpg,1066,150,3_on,651,56,678,99
PowerOn_Internet_1_2_3_4__270482.jpg,1066,150,4_on,718,57,742,99
PowerOn_Internet_1_2_3_4__421125.jpg,1066,150,power_on,282,73,309,106
PowerOn_Internet_1_2_3_4__421125.jpg,1066,150,internet_on,345,73,371,106
PowerOn_Internet_1_2_3_4__421125.jpg,1066,150,1_on,530,68,562,108
PowerOn_Internet_1_2_3_4__421125.jpg,1066,150,2_on,594,71,619,105
PowerOn_Internet_1_2_3_4__421125.jpg,1066,150,3_on,659,66,683,110
PowerOn_Internet_1_2_3_4__421125.jpg,1066,150,4_on,721,69,753,107
PowerOn_Internet_1_2_3_4__246326.jpg,1066,150,power_on,270,63,294,98
PowerOn_Internet_1_2_3_4__246326.jpg,1066,150,internet_on,324,62,351,99
PowerOn_Internet_1_2_3_4__246326.jpg,1066,150,1_on,501,58,526,97
PowerOn_Internet_1_2_3_4__246326.jpg,1066,150,2_on,564,60,590,95
PowerOn_Internet_1_2_3_4__246326.jpg,1066,150,3_on,621,55,648,94
PowerOn_Internet_1_2_3_4__246326.jpg,1066,150,4_on,684,60,716,95
PowerOn_Internet_1_2_3_4__298467.jpg,1066,150,power_on,285,67,321,100
PowerOn_Internet_1_2_3_4__298467.jpg,1066,150,internet_on,347,63,386,102
PowerOn_Internet_1_2_3_4__298467.jpg,1066,150,1_on,528,59,559,105
PowerOn_Internet_1_2_3_4__298467.jpg,1066,150,2_on,588,65,614,105
PowerOn_Internet_1_2_3_4__298467.jpg,1066,150,3_on,643,56,675,105
PowerOn_Internet_1_2_3_4__298467.jpg,1066,150,4_on,701,60,734,107
PowerOn_Internet_1_2_3_4__348108.jpg,1066,150,power_on,318,63,350,96
PowerOn_Internet_1_2_3_4__348108.jpg,1066,150,internet_on,382,54,418,95
PowerOn_Internet_1_2_3_4__348108.jpg,1066,150,1_on,569,56,588,99
PowerOn_Internet_1_2_3_4__348108.jpg,1066,150,2_on,625,63,649,102
PowerOn_Internet_1_2_3_4__348108.jpg,1066,150,3_on,681,60,711,102
PowerOn_Internet_1_2_3_4__348108.jpg,1066,150,4_on,741,60,774,98
PowerOn_Internet_1_2_3_4__462394.jpg,1066,150,power_on,260,60,289,98
PowerOn_Internet_1_2_3_4__462394.jpg,1066,150,internet_on,320,65,346,99
PowerOn_Internet_1_2_3_4__462394.jpg,1066,150,1_on,502,59,523,99
PowerOn_Internet_1_2_3_4__462394.jpg,1066,150,2_on,559,56,580,96
PowerOn_Internet_1_2_3_4__462394.jpg,1066,150,3_on,622,56,648,102
PowerOn_Internet_1_2_3_4__462394.jpg,1066,150,4_on,684,59,708,102
PowerOn_Internet_1_2_3_4__366430.jpg,1066,150,power_on,277,66,308,102
PowerOn_Internet_1_2_3_4__366430.jpg,1066,150,internet_on,334,68,367,102
PowerOn_Internet_1_2_3_4__366430.jpg,1066,150,1_on,520,62,540,99
PowerOn_Internet_1_2_3_4__366430.jpg,1066,150,2_on,573,62,603,102
PowerOn_Internet_1_2_3_4__366430.jpg,1066,150,3_on,636,64,660,106
PowerOn_Internet_1_2_3_4__366430.jpg,1066,150,4_on,695,62,719,108
PowerOn_Internet_1_2_3_4__383641.jpg,1066,150,power_on,287,66,318,102
PowerOn_Internet_1_2_3_4__383641.jpg,1066,150,internet_on,345,64,381,103
PowerOn_Internet_1_2_3_4__383641.jpg,1066,150,1_on,528,67,550,103
PowerOn_Internet_1_2_3_4__383641.jpg,1066,150,2_on,581,66,610,107
PowerOn_Internet_1_2_3_4__383641.jpg,1066,150,3_on,647,63,670,98
PowerOn_Internet_1_2_3_4__383641.jpg,1066,150,4_on,700,64,727,109
PowerOn_2hz_5hz__535080.jpg,1066,150,power_on,267,77,291,105
PowerOn_2hz_5hz__535080.jpg,1066,150,2hz_on,385,81,424,105
PowerOn_2hz_5hz__535080.jpg,1066,150,5hz_on,445,80,484,105
PowerOn_Internet_1_2_3_4__461890.jpg,1066,150,power_on,297,61,321,97
PowerOn_Internet_1_2_3_4__461890.jpg,1066,150,internet_on,356,59,388,102
PowerOn_Internet_1_2_3_4__461890.jpg,1066,150,1_on,549,60,562,98
PowerOn_Internet_1_2_3_4__461890.jpg,1066,150,2_on,606,63,625,99
PowerOn_Internet_1_2_3_4__461890.jpg,1066,150,3_on,663,62,687,99
PowerOn_Internet_1_2_3_4__461890.jpg,1066,150,4_on,719,60,739,99
PowerOn_Internet_1_2_3_4__410072.jpg,1066,150,power_on,292,56,324,99
PowerOn_Internet_1_2_3_4__410072.jpg,1066,150,internet_on,355,60,386,102
PowerOn_Internet_1_2_3_4__410072.jpg,1066,150,1_on,543,57,567,98
PowerOn_Internet_1_2_3_4__410072.jpg,1066,150,2_on,603,57,630,98
PowerOn_Internet_1_2_3_4__410072.jpg,1066,150,3_on,664,59,684,102
PowerOn_Internet_1_2_3_4__410072.jpg,1066,150,4_on,718,63,745,104
PowerOn_Internet_1_2_3_4__401786.jpg,1066,150,power_on,278,59,305,93
PowerOn_Internet_1_2_3_4__401786.jpg,1066,150,internet_on,340,54,372,95
PowerOn_Internet_1_2_3_4__401786.jpg,1066,150,1_on,531,55,556,94
PowerOn_Internet_1_2_3_4__401786.jpg,1066,150,2_on,591,54,621,101
PowerOn_Internet_1_2_3_4__401786.jpg,1066,150,3_on,653,56,681,99
PowerOn_Internet_1_2_3_4__401786.jpg,1066,150,4_on,714,54,745,104
PowerOn_Internet_1_2_3_4__438649.jpg,1066,150,power_on,295,63,324,99
PowerOn_Internet_1_2_3_4__438649.jpg,1066,150,internet_on,359,63,387,98
PowerOn_Internet_1_2_3_4__438649.jpg,1066,150,1_on,544,61,571,97
PowerOn_Internet_1_2_3_4__438649.jpg,1066,150,2_on,601,62,631,99
PowerOn_Internet_1_2_3_4__438649.jpg,1066,150,3_on,663,64,685,103
PowerOn_Internet_1_2_3_4__438649.jpg,1066,150,4_on,719,66,745,102
PowerOn_Internet_1_2_3_4__391482.jpg,1066,150,power_on,283,63,313,101
PowerOn_Internet_1_2_3_4__391482.jpg,1066,150,internet_on,346,62,373,99
PowerOn_Internet_1_2_3_4__391482.jpg,1066,150,1_on,535,59,554,93
PowerOn_Internet_1_2_3_4__391482.jpg,1066,150,2_on,590,64,614,100
PowerOn_Internet_1_2_3_4__391482.jpg,1066,150,3_on,652,64,676,106
PowerOn_Internet_1_2_3_4__391482.jpg,1066,150,4_on,718,59,741,99
PowerOn_Internet_1_2_3_4__450735.jpg,1066,150,power_on,295,60,322,95
PowerOn_Internet_1_2_3_4__450735.jpg,1066,150,internet_on,359,59,382,96
PowerOn_Internet_1_2_3_4__450735.jpg,1066,150,1_on,548,57,571,105
PowerOn_Internet_1_2_3_4__450735.jpg,1066,150,2_on,610,57,634,102
PowerOn_Internet_1_2_3_4__450735.jpg,1066,150,3_on,673,58,696,106
PowerOn_Internet_1_2_3_4__450735.jpg,1066,150,3_on,733,63,752,102
PowerOn_Internet_1_2_3_4__455467.jpg,1066,150,power_on,303,62,335,102
PowerOn_Internet_1_2_3_4__455467.jpg,1066,150,internet_on,363,64,395,106
PowerOn_Internet_1_2_3_4__455467.jpg,1066,150,1_on,545,60,570,102
PowerOn_Internet_1_2_3_4__455467.jpg,1066,150,2_on,605,65,630,108
PowerOn_Internet_1_2_3_4__455467.jpg,1066,150,3_on,660,68,689,105
PowerOn_Internet_1_2_3_4__455467.jpg,1066,150,4_on,721,63,748,104
PowerOn_Internet_1_2_3_4__408953.jpg,1066,150,power_on,284,54,315,98
PowerOn_Internet_1_2_3_4__408953.jpg,1066,150,internet_on,346,60,376,102
PowerOn_Internet_1_2_3_4__408953.jpg,1066,150,1_on,542,63,561,92
PowerOn_Internet_1_2_3_4__408953.jpg,1066,150,2_on,597,61,625,97
PowerOn_Internet_1_2_3_4__408953.jpg,1066,150,3_on,660,59,683,102
PowerOn_Internet_1_2_3_4__408953.jpg,1066,150,4_on,720,62,746,99
PowerOn_Internet_1_2_3_4__298712.jpg,1066,150,power_on,295,66,327,107
PowerOn_Internet_1_2_3_4__298712.jpg,1066,150,internet_on,350,63,388,104
PowerOn_Internet_1_2_3_4__298712.jpg,1066,150,1_on,534,63,560,107
PowerOn_Internet_1_2_3_4__298712.jpg,1066,150,2_on,587,60,626,105
PowerOn_Internet_1_2_3_4__298712.jpg,1066,150,3_on,652,59,684,111
PowerOn_Internet_1_2_3_4__298712.jpg,1066,150,4_on,712,71,746,120
PowerOn_Internet_1_2_3_4__309590.jpg,1066,150,power_on,296,59,324,99
PowerOn_Internet_1_2_3_4__309590.jpg,1066,150,internet_on,358,62,388,99
PowerOn_Internet_1_2_3_4__309590.jpg,1066,150,1_on,538,60,570,102
PowerOn_Internet_1_2_3_4__309590.jpg,1066,150,2_on,602,57,626,107
PowerOn_Internet_1_2_3_4__309590.jpg,1066,150,3_on,649,62,680,102
PowerOn_Internet_1_2_3_4__309590.jpg,1066,150,4_on,710,60,740,107
PowerOn_Internet_1_2_3_4__421057.jpg,1066,150,power_on,276,65,309,102
PowerOn_Internet_1_2_3_4__421057.jpg,1066,150,internet_on,342,69,365,105
PowerOn_Internet_1_2_3_4__421057.jpg,1066,150,1_on,529,63,556,107
PowerOn_Internet_1_2_3_4__421057.jpg,1066,150,2_on,589,66,619,113
PowerOn_Internet_1_2_3_4__421057.jpg,1066,150,3_on,651,69,677,113
PowerOn_Internet_1_2_3_4__421057.jpg,1066,150,4_on,713,71,736,111
PowerOn_Internet_1_2_3_4__465826.jpg,1066,150,power_on,284,62,311,102
PowerOn_Internet_1_2_3_4__465826.jpg,1066,150,internet_on,343,65,370,99
PowerOn_Internet_1_2_3_4__465826.jpg,1066,150,1_on,534,63,554,95
PowerOn_Internet_1_2_3_4__465826.jpg,1066,150,2_on,597,63,620,107
PowerOn_Internet_1_2_3_4__465826.jpg,1066,150,3_on,657,67,679,106
PowerOn_Internet_1_2_3_4__465826.jpg,1066,150,4_on,720,67,742,103
PowerOn_Internet_1_2_3_4__458557.jpg,1066,150,power_on,284,63,315,98
PowerOn_Internet_1_2_3_4__458557.jpg,1066,150,internet_on,344,57,375,96
PowerOn_Internet_1_2_3_4__458557.jpg,1066,150,1_on,534,53,560,90
PowerOn_Internet_1_2_3_4__458557.jpg,1066,150,2_on,599,55,626,94
PowerOn_Internet_1_2_3_4__458557.jpg,1066,150,3_on,660,54,685,95
PowerOn_Internet_1_2_3_4__458557.jpg,1066,150,4_on,720,53,749,93
PowerOn_2hz_5hz__626484.jpg,1066,150,power_on,303,72,330,95
PowerOn_2hz_5hz__626484.jpg,1066,150,2hz_on,417,71,453,96
PowerOn_2hz_5hz__626484.jpg,1066,150,5hz_on,477,72,511,98
PowerOn_Internet_1_2_3_4__321350.jpg,1066,150,power_on,263,63,293,101
PowerOn_Internet_1_2_3_4__321350.jpg,1066,150,internet_on,318,60,352,102
PowerOn_Internet_1_2_3_4__321350.jpg,1066,150,1_on,502,56,526,102
PowerOn_Internet_1_2_3_4__321350.jpg,1066,150,2_on,558,56,587,99
PowerOn_Internet_1_2_3_4__321350.jpg,1066,150,3_on,626,55,651,97
PowerOn_Internet_1_2_3_4__321350.jpg,1066,150,4_on,689,60,714,102
PowerOn_Internet_1_2_3_4__253739.jpg,1066,150,power_on,277,60,307,98
PowerOn_Internet_1_2_3_4__253739.jpg,1066,150,internet_on,341,63,377,96
PowerOn_Internet_1_2_3_4__253739.jpg,1066,150,1_on,528,60,560,96
PowerOn_Internet_1_2_3_4__253739.jpg,1066,150,2_on,590,60,617,99
PowerOn_Internet_1_2_3_4__253739.jpg,1066,150,3_on,649,62,680,99
PowerOn_Internet_1_2_3_4__253739.jpg,1066,150,4_on,708,62,738,102
PowerOn_Internet_1_2_3_4__291337.jpg,1066,150,power_on,287,66,320,101
PowerOn_Internet_1_2_3_4__291337.jpg,1066,150,internet_on,353,71,384,102
PowerOn_Internet_1_2_3_4__291337.jpg,1066,150,1_on,531,63,562,104
PowerOn_Internet_1_2_3_4__291337.jpg,1066,150,2_on,595,65,619,105
PowerOn_Internet_1_2_3_4__291337.jpg,1066,150,3_on,652,63,681,107
PowerOn_Internet_1_2_3_4__291337.jpg,1066,150,4_on,710,65,745,111
PowerOn_Internet_1_2_3_4__422359.jpg,1066,150,power_on,285,63,317,98
PowerOn_Internet_1_2_3_4__422359.jpg,1066,150,internet_on,351,64,376,106
PowerOn_Internet_1_2_3_4__422359.jpg,1066,150,1_on,534,59,553,102
PowerOn_Internet_1_2_3_4__422359.jpg,1066,150,2_on,585,62,610,105
PowerOn_Internet_1_2_3_4__422359.jpg,1066,150,3_on,647,62,667,102
PowerOn_Internet_1_2_3_4__422359.jpg,1066,150,4_on,706,67,728,112
PowerOn_Internet_1_2_3_4__256330.jpg,1066,150,power_on,290,67,328,103
PowerOn_Internet_1_2_3_4__256330.jpg,1066,150,internet_on,347,65,384,99
PowerOn_Internet_1_2_3_4__256330.jpg,1066,150,1_on,531,62,562,99
PowerOn_Internet_1_2_3_4__256330.jpg,1066,150,2_on,589,62,624,102
PowerOn_Internet_1_2_3_4__256330.jpg,1066,150,3_on,648,62,681,105
PowerOn_Internet_1_2_3_4__256330.jpg,1066,150,4_on,706,62,746,102
PowerOn_Internet_1_2_3_4__340585.jpg,1066,150,power_on,289,60,323,96
PowerOn_Internet_1_2_3_4__340585.jpg,1066,150,internet_on,352,59,384,96
PowerOn_Internet_1_2_3_4__340585.jpg,1066,150,1_on,543,57,567,92
PowerOn_Internet_1_2_3_4__340585.jpg,1066,150,2_on,599,57,626,98
PowerOn_Internet_1_2_3_4__340585.jpg,1066,150,3_on,653,56,695,99
PowerOn_Internet_1_2_3_4__340585.jpg,1066,150,4_on,722,59,753,105
PowerOn_Internet_1_2_3_4__338576.jpg,1066,150,power_on,322,59,348,99
PowerOn_Internet_1_2_3_4__338576.jpg,1066,150,internet_on,384,59,413,102
PowerOn_Internet_1_2_3_4__338576.jpg,1066,150,1_on,567,60,590,99
PowerOn_Internet_1_2_3_4__338576.jpg,1066,150,2_on,626,59,655,102
PowerOn_Internet_1_2_3_4__338576.jpg,1066,150,3_on,683,59,712,102
PowerOn_Internet_1_2_3_4__338576.jpg,1066,150,4_on,740,59,764,105
PowerOn_Internet_1_2_3_4__403546.jpg,1066,150,power_on,264,63,286,92
PowerOn_Internet_1_2_3_4__403546.jpg,1066,150,internet_on,324,62,349,96
PowerOn_Internet_1_2_3_4__403546.jpg,1066,150,1_on,507,57,533,95
PowerOn_Internet_1_2_3_4__403546.jpg,1066,150,2_on,565,56,590,99
PowerOn_Internet_1_2_3_4__403546.jpg,1066,150,3_on,626,56,655,96
PowerOn_Internet_1_2_3_4__403546.jpg,1066,150,4_on,689,53,724,96
PowerOn_Internet_1_2_3_4__410506.jpg,1066,150,power_on,287,56,317,93
PowerOn_Internet_1_2_3_4__410506.jpg,1066,150,internet_on,352,55,384,94
PowerOn_Internet_1_2_3_4__410506.jpg,1066,150,1_on,538,49,564,88
PowerOn_Internet_1_2_3_4__410506.jpg,1066,150,2_on,602,51,628,95
PowerOn_Internet_1_2_3_4__410506.jpg,1066,150,3_on,665,53,695,96
PowerOn_Internet_1_2_3_4__410506.jpg,1066,150,4_on,731,54,758,101
PowerOn_Internet_1_2_3_4__233184.jpg,1066,150,power_on,295,59,320,87
PowerOn_Internet_1_2_3_4__233184.jpg,1066,150,internet_on,352,56,384,87
PowerOn_Internet_1_2_3_4__233184.jpg,1066,150,1_on,546,54,570,89
PowerOn_Internet_1_2_3_4__233184.jpg,1066,150,2_on,608,56,639,87
PowerOn_Internet_1_2_3_4__233184.jpg,1066,150,3_on,672,55,699,94
PowerOn_Internet_1_2_3_4__233184.jpg,1066,150,4_on,733,53,759,93
PowerOn_2hz_5hz__929026.jpg,1066,150,power_on,267,77,291,108
PowerOn_2hz_5hz__929026.jpg,1066,150,2hz_on,382,77,420,105
PowerOn_2hz_5hz__929026.jpg,1066,150,5hz_on,446,75,479,103
PowerOn_2hz_5hz__605100.jpg,1066,150,power_on,270,75,295,107
PowerOn_2hz_5hz__605100.jpg,1066,150,2hz_on,385,73,424,106
PowerOn_2hz_5hz__605100.jpg,1066,150,5hz_on,446,71,485,107
PowerOn_Internet_1_2_3_4__435237.jpg,1066,150,power_on,297,63,320,102
PowerOn_Internet_1_2_3_4__435237.jpg,1066,150,internet_on,359,66,381,101
PowerOn_Internet_1_2_3_4__435237.jpg,1066,150,1_on,540,62,561,99
PowerOn_Internet_1_2_3_4__435237.jpg,1066,150,2_on,596,66,617,101
PowerOn_Internet_1_2_3_4__435237.jpg,1066,150,3_on,651,70,676,106
PowerOn_Internet_1_2_3_4__435237.jpg,1066,150,4_on,709,67,743,112
PowerOn_Internet_1_2_3_4__401964.jpg,1066,150,power_on,328,69,360,105
PowerOn_Internet_1_2_3_4__401964.jpg,1066,150,internet_on,389,68,423,111
PowerOn_Internet_1_2_3_4__401964.jpg,1066,150,1_on,577,63,602,110
PowerOn_Internet_1_2_3_4__401964.jpg,1066,150,2_on,634,68,660,111
PowerOn_Internet_1_2_3_4__401964.jpg,1066,150,3_on,690,65,717,111
PowerOn_Internet_1_2_3_4__401964.jpg,1066,150,4_on,745,65,770,108
PowerOn_Internet_1_2_3_4__429226.jpg,1066,150,power_on,297,65,324,102
PowerOn_Internet_1_2_3_4__429226.jpg,1066,150,internet_on,353,63,391,105
PowerOn_Internet_1_2_3_4__429226.jpg,1066,150,1_on,545,60,565,102
PowerOn_Internet_1_2_3_4__429226.jpg,1066,150,2_on,602,59,633,105
PowerOn_Internet_1_2_3_4__429226.jpg,1066,150,3_on,663,63,688,110
PowerOn_Internet_1_2_3_4__429226.jpg,1066,150,4_on,722,63,753,110
PowerOn_Internet_1_2_3_4__334776.jpg,1066,150,power_on,261,65,286,105
PowerOn_Internet_1_2_3_4__334776.jpg,1066,150,internet_on,317,69,352,105
PowerOn_Internet_1_2_3_4__334776.jpg,1066,150,1_on,503,62,532,102
PowerOn_Internet_1_2_3_4__334776.jpg,1066,150,2_on,564,62,586,105
PowerOn_Internet_1_2_3_4__334776.jpg,1066,150,3_on,620,56,650,99
PowerOn_Internet_1_2_3_4__334776.jpg,1066,150,4_on,687,64,710,106
PowerOn_Internet_1_2_3_4__347773.jpg,1066,150,power_on,279,65,313,99
PowerOn_Internet_1_2_3_4__347773.jpg,1066,150,internet_on,342,64,376,100
PowerOn_Internet_1_2_3_4__347773.jpg,1066,150,1_on,528,59,556,102
PowerOn_Internet_1_2_3_4__347773.jpg,1066,150,2_on,591,65,619,105
PowerOn_Internet_1_2_3_4__347773.jpg,1066,150,3_on,650,62,684,102
PowerOn_Internet_1_2_3_4__347773.jpg,1066,150,4_on,712,63,742,107
PowerOn_Internet_1_2_3_4__264183.jpg,1066,150,power_on,292,60,324,92
PowerOn_Internet_1_2_3_4__264183.jpg,1066,150,internet_on,353,60,388,99
PowerOn_Internet_1_2_3_4__264183.jpg,1066,150,1_on,540,56,565,99
PowerOn_Internet_1_2_3_4__264183.jpg,1066,150,2_on,602,60,628,99
PowerOn_Internet_1_2_3_4__264183.jpg,1066,150,3_on,659,60,689,105
PowerOn_Internet_1_2_3_4__264183.jpg,1066,150,4_on,714,59,748,99
PowerOn_Internet_1_2_3_4__342178.jpg,1066,150,power_on,282,63,313,102
PowerOn_Internet_1_2_3_4__342178.jpg,1066,150,internet_on,334,62,364,102
PowerOn_Internet_1_2_3_4__342178.jpg,1066,150,1_on,518,62,543,102
PowerOn_Internet_1_2_3_4__342178.jpg,1066,150,2_on,579,62,597,105
PowerOn_Internet_1_2_3_4__342178.jpg,1066,150,3_on,631,62,664,105
PowerOn_Internet_1_2_3_4__342178.jpg,1066,150,4_on,694,63,727,110
PowerOn_Internet_1_2_3_4__456424.jpg,1066,150,power_on,298,58,330,94
PowerOn_Internet_1_2_3_4__456424.jpg,1066,150,internet_on,360,58,395,97
PowerOn_Internet_1_2_3_4__456424.jpg,1066,150,1_on,552,51,582,92
PowerOn_Internet_1_2_3_4__456424.jpg,1066,150,2_on,616,51,642,98
PowerOn_Internet_1_2_3_4__456424.jpg,1066,150,3_on,677,54,704,95
PowerOn_Internet_1_2_3_4__456424.jpg,1066,150,4_on,739,51,766,98
PowerOn_Internet_1_2_3_4__268034.jpg,1066,150,power_on,304,65,335,99
PowerOn_Internet_1_2_3_4__268034.jpg,1066,150,internet_on,361,65,399,102
PowerOn_Internet_1_2_3_4__268034.jpg,1066,150,1_on,541,63,571,104
PowerOn_Internet_1_2_3_4__268034.jpg,1066,150,2_on,602,69,625,107
PowerOn_Internet_1_2_3_4__268034.jpg,1066,150,3_on,659,65,685,108
PowerOn_Internet_1_2_3_4__268034.jpg,1066,150,4_on,716,66,746,107
PowerOn_Internet_1_2_3_4__352753.jpg,1066,150,power_on,267,63,295,98
PowerOn_Internet_1_2_3_4__352753.jpg,1066,150,internet_on,328,60,361,99
PowerOn_Internet_1_2_3_4__352753.jpg,1066,150,1_on,514,55,534,94
PowerOn_Internet_1_2_3_4__352753.jpg,1066,150,2_on,569,56,592,102
PowerOn_Internet_1_2_3_4__352753.jpg,1066,150,3_on,631,57,661,96
PowerOn_Internet_1_2_3_4__352753.jpg,1066,150,4_on,691,56,728,99
PowerOn_Internet_1_2_3_4__247174.jpg,1066,150,power_on,265,63,289,99
PowerOn_Internet_1_2_3_4__247174.jpg,1066,150,internet_on,320,60,353,96
PowerOn_Internet_1_2_3_4__247174.jpg,1066,150,1_on,501,59,526,96
PowerOn_Internet_1_2_3_4__247174.jpg,1066,150,2_on,561,57,595,99
PowerOn_Internet_1_2_3_4__247174.jpg,1066,150,3_on,618,59,649,96
PowerOn_Internet_1_2_3_4__247174.jpg,1066,150,4_on,683,60,713,102
PowerOn_2hz_5hz__877154.jpg,1066,150,power_on,266,75,291,105
PowerOn_2hz_5hz__877154.jpg,1066,150,2hz_on,384,77,421,102
PowerOn_2hz_5hz__877154.jpg,1066,150,5hz_on,451,75,485,106
PowerOn_Internet_1_2_3_4__320451.jpg,1066,150,power_on,263,69,288,107
PowerOn_Internet_1_2_3_4__320451.jpg,1066,150,internet_on,320,65,355,105
PowerOn_Internet_1_2_3_4__320451.jpg,1066,150,1_on,502,63,535,105
PowerOn_Internet_1_2_3_4__320451.jpg,1066,150,2_on,562,63,596,110
PowerOn_Internet_1_2_3_4__320451.jpg,1066,150,3_on,621,62,655,102
PowerOn_Internet_1_2_3_4__320451.jpg,1066,150,4_on,686,59,717,108
PowerOn_Internet_1_2_3_4__366564.jpg,1066,150,power_on,293,57,328,95
PowerOn_Internet_1_2_3_4__366564.jpg,1066,150,internet_on,362,58,387,94
PowerOn_Internet_1_2_3_4__366564.jpg,1066,150,1_on,542,52,567,94
PowerOn_Internet_1_2_3_4__366564.jpg,1066,150,2_on,602,54,627,101
PowerOn_Internet_1_2_3_4__366564.jpg,1066,150,3_on,660,55,691,103
PowerOn_Internet_1_2_3_4__366564.jpg,1066,150,4_on,716,53,748,102
PowerOn_2hz_5hz__568760.jpg,1066,150,power_on,267,77,292,105
PowerOn_2hz_5hz__568760.jpg,1066,150,2hz_on,384,77,421,105
PowerOn_2hz_5hz__568760.jpg,1066,150,5hz_on,446,78,481,107
PowerOn_Internet_1_2_3_4__283503.jpg,1066,150,power_on,279,67,313,106
PowerOn_Internet_1_2_3_4__283503.jpg,1066,150,internet_on,339,66,382,113
PowerOn_Internet_1_2_3_4__283503.jpg,1066,150,1_on,532,64,558,103
PowerOn_Internet_1_2_3_4__283503.jpg,1066,150,2_on,591,63,621,110
PowerOn_Internet_1_2_3_4__283503.jpg,1066,150,3_on,653,66,686,110
PowerOn_Internet_1_2_3_4__283503.jpg,1066,150,4_on,712,69,749,114
PowerOn_Internet_1_2_3_4__460158.jpg,1066,150,power_on,282,66,313,107
PowerOn_Internet_1_2_3_4__460158.jpg,1066,150,internet_on,347,71,374,105
PowerOn_Internet_1_2_3_4__460158.jpg,1066,150,1_on,534,69,559,104
PowerOn_Internet_1_2_3_4__460158.jpg,1066,150,2_on,599,69,620,110
PowerOn_Internet_1_2_3_4__460158.jpg,1066,150,3_on,659,70,684,106
PowerOn_Internet_1_2_3_4__460158.jpg,1066,150,4_on,718,67,740,106
PowerOn_Internet_1_2_3_4__460602.jpg,1066,150,power_on,295,55,327,94
PowerOn_Internet_1_2_3_4__460602.jpg,1066,150,internet_on,356,62,383,99
PowerOn_Internet_1_2_3_4__460602.jpg,1066,150,1_on,543,59,567,99
PowerOn_Internet_1_2_3_4__460602.jpg,1066,150,2_on,602,60,627,99
PowerOn_Internet_1_2_3_4__460602.jpg,1066,150,3_on,662,62,684,99
PowerOn_Internet_1_2_3_4__460602.jpg,1066,150,4_on,719,56,744,99
PowerOn_Internet_1_2_3_4__373418.jpg,1066,150,power_on,278,62,314,96
PowerOn_Internet_1_2_3_4__373418.jpg,1066,150,internet_on,342,61,374,97
PowerOn_Internet_1_2_3_4__373418.jpg,1066,150,1_on,530,56,561,99
PowerOn_Internet_1_2_3_4__373418.jpg,1066,150,2_on,591,57,617,99
PowerOn_Internet_1_2_3_4__373418.jpg,1066,150,3_on,645,54,681,101
PowerOn_Internet_1_2_3_4__373418.jpg,1066,150,4_on,714,56,745,102
PowerOn_Internet_1_2_3_4__411213.jpg,1066,150,power_on,260,58,292,97
PowerOn_Internet_1_2_3_4__411213.jpg,1066,150,internet_on,319,59,352,102
PowerOn_Internet_1_2_3_4__411213.jpg,1066,150,1_on,502,56,526,93
PowerOn_Internet_1_2_3_4__411213.jpg,1066,150,2_on,563,59,589,99
PowerOn_Internet_1_2_3_4__411213.jpg,1066,150,3_on,617,55,653,97
PowerOn_Internet_1_2_3_4__411213.jpg,1066,150,4_on,683,59,713,102
PowerOn_Internet_1_2_3_4__384319.jpg,1066,150,power_on,295,63,328,98
PowerOn_Internet_1_2_3_4__384319.jpg,1066,150,internet_on,356,64,388,103
PowerOn_Internet_1_2_3_4__384319.jpg,1066,150,1_on,540,62,567,102
PowerOn_Internet_1_2_3_4__384319.jpg,1066,150,2_on,598,62,628,102
PowerOn_Internet_1_2_3_4__384319.jpg,1066,150,3_on,656,62,689,105
PowerOn_Internet_1_2_3_4__384319.jpg,1066,150,4_on,716,63,752,113
PowerOn_Internet_1_2_3_4__288912.jpg,1066,150,power_on,293,62,327,102
PowerOn_Internet_1_2_3_4__288912.jpg,1066,150,internet_on,362,65,384,105
PowerOn_Internet_1_2_3_4__288912.jpg,1066,150,1_on,539,62,571,105
PowerOn_Internet_1_2_3_4__288912.jpg,1066,150,2_on,602,63,631,105
PowerOn_Internet_1_2_3_4__288912.jpg,1066,150,3_on,663,60,687,107
PowerOn_Internet_1_2_3_4__288912.jpg,1066,150,3_on,721,62,748,105
PowerOn_Internet_1_2_3_4__396253.jpg,1066,150,power_on,261,63,284,98
PowerOn_Internet_1_2_3_4__396253.jpg,1066,150,internet_on,320,69,350,95
PowerOn_Internet_1_2_3_4__396253.jpg,1066,150,1_on,499,59,523,96
PowerOn_Internet_1_2_3_4__396253.jpg,1066,150,2_on,564,57,590,96
PowerOn_Internet_1_2_3_4__396253.jpg,1066,150,3_on,621,57,653,96
PowerOn_Internet_1_2_3_4__396253.jpg,1066,150,4_on,681,59,716,99
PowerOn_Internet_1_2_3_4__242214.jpg,1066,150,power_on,295,59,329,99
PowerOn_Internet_1_2_3_4__242214.jpg,1066,150,internet_on,355,63,388,98
PowerOn_Internet_1_2_3_4__242214.jpg,1066,150,1_on,538,62,568,99
PowerOn_Internet_1_2_3_4__242214.jpg,1066,150,2_on,600,63,624,102
PowerOn_Internet_1_2_3_4__242214.jpg,1066,150,3_on,656,62,682,105
PowerOn_Internet_1_2_3_4__242214.jpg,1066,150,4_on,714,62,740,99
PowerOn_Internet_1_2_3_4__408026.jpg,1066,150,power_on,300,61,327,97
PowerOn_Internet_1_2_3_4__408026.jpg,1066,150,internet_on,355,62,389,96
PowerOn_Internet_1_2_3_4__408026.jpg,1066,150,1_on,549,52,570,94
PowerOn_Internet_1_2_3_4__408026.jpg,1066,150,2_on,606,54,634,92
PowerOn_Internet_1_2_3_4__408026.jpg,1066,150,3_on,667,57,699,99
PowerOn_Internet_1_2_3_4__408026.jpg,1066,150,4_on,731,57,755,98
PowerOn_Internet_1_2_3_4__290781.jpg,1066,150,power_on,260,67,289,100
PowerOn_Internet_1_2_3_4__290781.jpg,1066,150,internet_on,321,66,355,99
PowerOn_Internet_1_2_3_4__290781.jpg,1066,150,1_on,503,59,532,96
PowerOn_Internet_1_2_3_4__290781.jpg,1066,150,2_on,562,58,593,97
PowerOn_Internet_1_2_3_4__290781.jpg,1066,150,3_on,621,56,655,99
PowerOn_Internet_1_2_3_4__290781.jpg,1066,150,4_on,684,51,714,95
PowerOn_Internet_1_2_3_4__435614.jpg,1066,150,power_on,265,69,289,104
PowerOn_Internet_1_2_3_4__435614.jpg,1066,150,internet_on,324,73,347,100
PowerOn_Internet_1_2_3_4__435614.jpg,1066,150,1_on,506,59,532,102
PowerOn_Internet_1_2_3_4__435614.jpg,1066,150,2_on,563,59,590,99
PowerOn_Internet_1_2_3_4__435614.jpg,1066,150,3_on,627,63,648,102
PowerOn_Internet_1_2_3_4__435614.jpg,1066,150,4_on,692,62,711,105
PowerOn_Internet_1_2_3_4__430750.jpg,1066,150,power_on,299,57,321,95
PowerOn_Internet_1_2_3_4__430750.jpg,1066,150,internet_on,352,63,385,102
PowerOn_Internet_1_2_3_4__430750.jpg,1066,150,1_on,542,60,567,98
PowerOn_Internet_1_2_3_4__430750.jpg,1066,150,2_on,606,71,621,99
PowerOn_Internet_1_2_3_4__430750.jpg,1066,150,3_on,662,63,688,99
PowerOn_Internet_1_2_3_4__430750.jpg,1066,150,4_on,720,59,746,102
PowerOn_Internet_1_2_3_4__403365.jpg,1066,150,power_on,292,69,320,105
PowerOn_Internet_1_2_3_4__403365.jpg,1066,150,internet_on,352,67,378,106
PowerOn_Internet_1_2_3_4__403365.jpg,1066,150,1_on,530,70,560,106
PowerOn_Internet_1_2_3_4__403365.jpg,1066,150,2_on,595,69,619,107
PowerOn_Internet_1_2_3_4__403365.jpg,1066,150,3_on,649,62,678,111
PowerOn_Internet_1_2_3_4__403365.jpg,1066,150,4_on,709,70,735,112
PowerOn_Internet_1_2_3_4__433660.jpg,1066,150,power_on,287,71,318,108
PowerOn_Internet_1_2_3_4__433660.jpg,1066,150,internet_on,347,70,373,106
PowerOn_Internet_1_2_3_4__433660.jpg,1066,150,1_on,538,66,551,102
PowerOn_Internet_1_2_3_4__433660.jpg,1066,150,2_on,593,68,609,108
PowerOn_Internet_1_2_3_4__433660.jpg,1066,150,3_on,655,63,673,104
PowerOn_Internet_1_2_3_4__433660.jpg,1066,150,4_on,713,68,730,102
PowerOn_Internet_1_2_3_4__298519.jpg,1066,150,power_on,295,60,321,99
PowerOn_Internet_1_2_3_4__298519.jpg,1066,150,internet_on,355,63,386,99
PowerOn_Internet_1_2_3_4__298519.jpg,1066,150,1_on,538,60,567,105
PowerOn_Internet_1_2_3_4__298519.jpg,1066,150,2_on,599,60,631,110
PowerOn_Internet_1_2_3_4__298519.jpg,1066,150,3_on,659,62,684,105
PowerOn_Internet_1_2_3_4__298519.jpg,1066,150,4_on,715,60,741,107
PowerOn_Internet_1_2_3_4__399820.jpg,1066,150,power_on,308,70,327,100
PowerOn_Internet_1_2_3_4__399820.jpg,1066,150,internet_on,361,69,397,107
PowerOn_Internet_1_2_3_4__399820.jpg,1066,150,1_on,542,69,569,105
PowerOn_Internet_1_2_3_4__399820.jpg,1066,150,2_on,602,68,630,108
PowerOn_Internet_1_2_3_4__399820.jpg,1066,150,3_on,658,70,688,112
PowerOn_Internet_1_2_3_4__399820.jpg,1066,150,4_on,724,69,745,113
PowerOn_Internet_1_2_3_4__427371.jpg,1066,150,power_on,291,61,319,97
PowerOn_Internet_1_2_3_4__427371.jpg,1066,150,internet_on,353,69,384,98
PowerOn_Internet_1_2_3_4__427371.jpg,1066,150,1_on,534,62,558,99
PowerOn_Internet_1_2_3_4__427371.jpg,1066,150,2_on,592,66,619,104
PowerOn_Internet_1_2_3_4__427371.jpg,1066,150,3_on,657,63,682,104
PowerOn_Internet_1_2_3_4__427371.jpg,1066,150,4_on,712,67,734,106
PowerOn_Internet_1_2_3_4__260098.jpg,1066,150,power_on,289,70,313,103
PowerOn_Internet_1_2_3_4__260098.jpg,1066,150,internet_on,344,70,378,106
PowerOn_Internet_1_2_3_4__260098.jpg,1066,150,1_on,535,66,559,104
PowerOn_Internet_1_2_3_4__260098.jpg,1066,150,2_on,597,66,625,107
PowerOn_Internet_1_2_3_4__260098.jpg,1066,150,3_on,656,67,683,109
PowerOn_Internet_1_2_3_4__260098.jpg,1066,150,4_on,721,66,742,110
PowerOn_Internet_1_2_3_4__436091.jpg,1066,150,power_on,261,61,284,97
PowerOn_Internet_1_2_3_4__436091.jpg,1066,150,internet_on,318,62,349,93
PowerOn_Internet_1_2_3_4__436091.jpg,1066,150,1_on,501,55,523,91
PowerOn_Internet_1_2_3_4__436091.jpg,1066,150,2_on,563,59,590,99
PowerOn_Internet_1_2_3_4__436091.jpg,1066,150,3_on,624,59,645,99
PowerOn_Internet_1_2_3_4__436091.jpg,1066,150,4_on,687,61,710,97
PowerOn_Internet_1_2_3_4__240412.jpg,1066,150,power_on,295,63,317,102
PowerOn_Internet_1_2_3_4__240412.jpg,1066,150,internet_on,356,66,382,95
PowerOn_Internet_1_2_3_4__240412.jpg,1066,150,1_on,539,59,563,99
PowerOn_Internet_1_2_3_4__240412.jpg,1066,150,2_on,602,61,627,97
PowerOn_Internet_1_2_3_4__240412.jpg,1066,150,3_on,663,63,682,102
PowerOn_Internet_1_2_3_4__240412.jpg,1066,150,4_on,716,63,751,101
PowerOn_Internet_1_2_3_4__247221.jpg,1066,150,power_on,267,62,298,99
PowerOn_Internet_1_2_3_4__247221.jpg,1066,150,internet_on,323,60,355,99
PowerOn_Internet_1_2_3_4__247221.jpg,1066,150,1_on,510,55,537,94
PowerOn_Internet_1_2_3_4__247221.jpg,1066,150,2_on,571,55,600,91
PowerOn_Internet_1_2_3_4__247221.jpg,1066,150,3_on,633,58,663,97
PowerOn_Internet_1_2_3_4__247221.jpg,1066,150,4_on,695,52,721,97
PowerOn_Internet_1_2_3_4__381306.jpg,1066,150,power_on,281,55,311,94
PowerOn_Internet_1_2_3_4__381306.jpg,1066,150,internet_on,340,54,378,95
PowerOn_Internet_1_2_3_4__381306.jpg,1066,150,1_on,534,49,560,94
PowerOn_Internet_1_2_3_4__381306.jpg,1066,150,2_on,591,48,621,92
PowerOn_Internet_1_2_3_4__381306.jpg,1066,150,3_on,654,51,684,92
PowerOn_Internet_1_2_3_4__381306.jpg,1066,150,4_on,714,54,747,95
PowerOn_Internet_1_2_3_4__408584.jpg,1066,150,power_on,293,54,324,101
PowerOn_Internet_1_2_3_4__408584.jpg,1066,150,internet_on,358,62,388,102
PowerOn_Internet_1_2_3_4__408584.jpg,1066,150,1_on,543,56,567,99
PowerOn_Internet_1_2_3_4__408584.jpg,1066,150,2_on,601,58,631,106
PowerOn_Internet_1_2_3_4__408584.jpg,1066,150,3_on,658,56,689,108
PowerOn_Internet_1_2_3_4__408584.jpg,1066,150,4_on,719,60,746,105
PowerOn_Internet_1_2_3_4__370103.jpg,1066,150,power_on,296,62,327,102
PowerOn_Internet_1_2_3_4__370103.jpg,1066,150,internet_on,359,66,392,101
PowerOn_Internet_1_2_3_4__370103.jpg,1066,150,1_on,544,63,570,96
PowerOn_Internet_1_2_3_4__370103.jpg,1066,150,2_on,599,62,631,99
PowerOn_Internet_1_2_3_4__370103.jpg,1066,150,3_on,662,63,691,98
PowerOn_Internet_1_2_3_4__370103.jpg,1066,150,4_on,718,60,756,105
PowerOn_Internet_1_2_3_4__236354.jpg,1066,150,power_on,302,68,330,102
PowerOn_Internet_1_2_3_4__236354.jpg,1066,150,internet_on,358,67,388,103
PowerOn_Internet_1_2_3_4__236354.jpg,1066,150,1_on,533,69,558,107
PowerOn_Internet_1_2_3_4__236354.jpg,1066,150,2_on,591,67,620,109
PowerOn_Internet_1_2_3_4__236354.jpg,1066,150,3_on,649,66,680,107
PowerOn_Internet_1_2_3_4__236354.jpg,1066,150,4_on,708,65,735,108
PowerOn_Internet_1_2_3_4__406621.jpg,1066,150,power_on,296,60,327,95
PowerOn_Internet_1_2_3_4__406621.jpg,1066,150,internet_on,356,59,388,99
PowerOn_Internet_1_2_3_4__406621.jpg,1066,150,1_on,543,52,565,94
PowerOn_Internet_1_2_3_4__406621.jpg,1066,150,2_on,599,57,629,99
PowerOn_Internet_1_2_3_4__406621.jpg,1066,150,3_on,662,56,687,99
PowerOn_Internet_1_2_3_4__406621.jpg,1066,150,4_on,724,56,744,99
PowerOn_Internet_1_2_3_4__349184.jpg,1066,150,power_on,289,52,317,88
PowerOn_Internet_1_2_3_4__349184.jpg,1066,150,internet_on,346,51,378,92
PowerOn_Internet_1_2_3_4__349184.jpg,1066,150,1_on,534,46,564,91
PowerOn_Internet_1_2_3_4__349184.jpg,1066,150,2_on,594,50,620,93
PowerOn_Internet_1_2_3_4__349184.jpg,1066,150,3_on,660,48,687,92
PowerOn_Internet_1_2_3_4__349184.jpg,1066,150,4_on,717,47,742,90
PowerOn_Internet_1_2_3_4__389942.jpg,1066,150,power_on,296,66,320,99
PowerOn_Internet_1_2_3_4__389942.jpg,1066,150,internet_on,348,67,377,103
PowerOn_Internet_1_2_3_4__389942.jpg,1066,150,1_on,535,62,558,105
PowerOn_Internet_1_2_3_4__389942.jpg,1066,150,2_on,591,67,617,106
PowerOn_Internet_1_2_3_4__389942.jpg,1066,150,3_on,645,68,677,105
PowerOn_Internet_1_2_3_4__389942.jpg,1066,150,4_on,710,66,735,107
PowerOn_Internet_1_2_3_4__340559.jpg,1066,150,power_on,264,73,285,106
PowerOn_Internet_1_2_3_4__340559.jpg,1066,150,internet_on,318,71,347,108
PowerOn_Internet_1_2_3_4__340559.jpg,1066,150,1_on,503,69,534,107
PowerOn_Internet_1_2_3_4__340559.jpg,1066,150,2_on,559,68,592,111
PowerOn_Internet_1_2_3_4__340559.jpg,1066,150,3_on,620,70,652,109
PowerOn_Internet_1_2_3_4__340559.jpg,1066,150,4_on,683,66,714,113
PowerOn_2hz_5hz__658636.jpg,1066,150,power_on,266,75,298,107
PowerOn_2hz_5hz__658636.jpg,1066,150,2hz_on,382,73,420,105
PowerOn_2hz_5hz__658636.jpg,1066,150,5hz_on,448,78,485,110
PowerOn_Internet_1_2_3_4__371551.jpg,1066,150,power_on,289,53,323,93
PowerOn_Internet_1_2_3_4__371551.jpg,1066,150,internet_on,347,52,385,97
PowerOn_Internet_1_2_3_4__371551.jpg,1066,150,1_on,546,55,571,91
PowerOn_Internet_1_2_3_4__371551.jpg,1066,150,2_on,599,51,638,98
PowerOn_Internet_1_2_3_4__371551.jpg,1066,150,3_on,660,50,703,99
PowerOn_Internet_1_2_3_4__371551.jpg,1066,150,4_on,735,56,765,99
PowerOn_Internet_1_2_3_4__287205.jpg,1066,150,power_on,270,68,304,99
PowerOn_Internet_1_2_3_4__287205.jpg,1066,150,internet_on,334,70,369,103
PowerOn_Internet_1_2_3_4__287205.jpg,1066,150,1_on,520,66,551,107
PowerOn_Internet_1_2_3_4__287205.jpg,1066,150,2_on,581,64,610,109
PowerOn_Internet_1_2_3_4__287205.jpg,1066,150,3_on,642,70,672,112
PowerOn_Internet_1_2_3_4__287205.jpg,1066,150,4_on,700,66,732,107
PowerOn_Internet_1_2_3_4__452688.jpg,1066,150,power_on,324,68,360,99
PowerOn_Internet_1_2_3_4__452688.jpg,1066,150,internet_on,392,67,422,109
PowerOn_Internet_1_2_3_4__452688.jpg,1066,150,1_on,574,63,604,101
PowerOn_Internet_1_2_3_4__452688.jpg,1066,150,2_on,634,63,656,101
PowerOn_Internet_1_2_3_4__452688.jpg,1066,150,3_on,691,71,708,105
PowerOn_Internet_1_2_3_4__452688.jpg,1066,150,4_on,744,66,770,110
PowerOn_Internet_1_2_3_4__429574.jpg,1066,150,power_on,297,63,324,98
PowerOn_Internet_1_2_3_4__429574.jpg,1066,150,internet_on,355,62,385,105
PowerOn_Internet_1_2_3_4__429574.jpg,1066,150,1_on,546,63,565,95
PowerOn_Internet_1_2_3_4__429574.jpg,1066,150,2_on,602,64,621,103
PowerOn_Internet_1_2_3_4__429574.jpg,1066,150,3_on,660,56,683,105
PowerOn_Internet_1_2_3_4__429574.jpg,1066,150,4_on,726,64,739,100
PowerOn_Internet_1_2_3_4__364388.jpg,1066,150,power_on,288,54,319,98
PowerOn_Internet_1_2_3_4__364388.jpg,1066,150,internet_on,349,57,388,96
PowerOn_Internet_1_2_3_4__364388.jpg,1066,150,1_on,541,57,572,92
PowerOn_Internet_1_2_3_4__364388.jpg,1066,150,2_on,607,54,638,95
PowerOn_Internet_1_2_3_4__364388.jpg,1066,150,3_on,666,50,702,102
PowerOn_Internet_1_2_3_4__364388.jpg,1066,150,4_on,728,54,762,98
PowerOn_Internet_1_2_3_4__307175.jpg,1066,150,power_on,327,62,360,99
PowerOn_Internet_1_2_3_4__307175.jpg,1066,150,internet_on,390,63,417,99
PowerOn_Internet_1_2_3_4__307175.jpg,1066,150,1_on,577,60,596,102
PowerOn_Internet_1_2_3_4__307175.jpg,1066,150,2_on,632,63,656,105
PowerOn_Internet_1_2_3_4__307175.jpg,1066,150,3_on,690,64,715,106
PowerOn_Internet_1_2_3_4__307175.jpg,1066,150,4_on,743,63,781,105
PowerOn_Internet_1_2_3_4__293099.jpg,1066,150,power_on,289,64,320,103
PowerOn_Internet_1_2_3_4__293099.jpg,1066,150,internet_on,350,68,384,105
PowerOn_Internet_1_2_3_4__293099.jpg,1066,150,1_on,534,65,562,105
PowerOn_Internet_1_2_3_4__293099.jpg,1066,150,2_on,592,63,621,110
PowerOn_Internet_1_2_3_4__293099.jpg,1066,150,3_on,650,62,685,108
PowerOn_Internet_1_2_3_4__293099.jpg,1066,150,4_on,711,70,742,112
PowerOn_2hz_5hz__512631.jpg,1066,150,power_on,264,80,289,108
PowerOn_2hz_5hz__512631.jpg,1066,150,2hz_on,379,80,417,107
PowerOn_2hz_5hz__512631.jpg,1066,150,5hz_on,438,80,468,105
PowerOn_Internet_1_2_3_4__261637.jpg,1066,150,power_on,282,65,309,99
PowerOn_Internet_1_2_3_4__261637.jpg,1066,150,internet_on,334,63,366,98
PowerOn_Internet_1_2_3_4__261637.jpg,1066,150,1_on,517,66,544,98
PowerOn_Internet_1_2_3_4__261637.jpg,1066,150,2_on,573,65,606,99
PowerOn_Internet_1_2_3_4__261637.jpg,1066,150,3_on,632,63,660,102
PowerOn_Internet_1_2_3_4__261637.jpg,1066,150,4_on,691,65,724,102
PowerOn_Internet_1_2_3_4__236046.jpg,1066,150,power_on,297,64,322,94
PowerOn_Internet_1_2_3_4__236046.jpg,1066,150,internet_on,359,61,388,94
PowerOn_Internet_1_2_3_4__236046.jpg,1066,150,1_on,538,58,568,97
PowerOn_Internet_1_2_3_4__236046.jpg,1066,150,2_on,601,59,631,99
PowerOn_Internet_1_2_3_4__236046.jpg,1066,150,3_on,660,58,688,97
PowerOn_Internet_1_2_3_4__236046.jpg,1066,150,4_on,719,62,745,99
PowerOn_Internet_1_2_3_4__282252.jpg,1066,150,power_on,278,69,302,101
PowerOn_Internet_1_2_3_4__282252.jpg,1066,150,internet_on,334,70,369,103
PowerOn_Internet_1_2_3_4__282252.jpg,1066,150,1_on,524,64,551,106
PowerOn_Internet_1_2_3_4__282252.jpg,1066,150,2_on,585,69,615,110
PowerOn_Internet_1_2_3_4__282252.jpg,1066,150,3_on,643,66,680,110
PowerOn_Internet_1_2_3_4__282252.jpg,1066,150,4_on,712,70,742,109
PowerOn_Internet_1_2_3_4__313198.jpg,1066,150,power_on,289,62,321,102
PowerOn_Internet_1_2_3_4__313198.jpg,1066,150,internet_on,353,56,384,105
PowerOn_Internet_1_2_3_4__313198.jpg,1066,150,1_on,535,67,559,106
PowerOn_Internet_1_2_3_4__313198.jpg,1066,150,2_on,590,69,616,107
PowerOn_Internet_1_2_3_4__313198.jpg,1066,150,3_on,653,66,682,110
PowerOn_Internet_1_2_3_4__313198.jpg,1066,150,4_on,712,61,745,109
PowerOn_Internet_1_2_3_4__300873.jpg,1066,150,power_on,295,66,329,98
PowerOn_Internet_1_2_3_4__300873.jpg,1066,150,internet_on,364,68,399,102
PowerOn_Internet_1_2_3_4__300873.jpg,1066,150,1_on,546,63,579,107
PowerOn_Internet_1_2_3_4__300873.jpg,1066,150,2_on,602,70,625,106
PowerOn_Internet_1_2_3_4__300873.jpg,1066,150,3_on,660,63,684,110
PowerOn_Internet_1_2_3_4__300873.jpg,1066,150,4_on,719,65,748,111
PowerOn_Internet_1_2_3_4__285919.jpg,1066,150,power_on,299,60,324,95
PowerOn_Internet_1_2_3_4__285919.jpg,1066,150,internet_on,359,63,392,95
PowerOn_Internet_1_2_3_4__285919.jpg,1066,150,1_on,546,57,570,96
PowerOn_Internet_1_2_3_4__285919.jpg,1066,150,2_on,601,54,633,101
PowerOn_Internet_1_2_3_4__285919.jpg,1066,150,3_on,661,59,699,99
PowerOn_Internet_1_2_3_4__285919.jpg,1066,150,4_on,721,59,758,105
PowerOn_Internet_1_2_3_4__449806.jpg,1066,150,power_on,296,57,327,95
PowerOn_Internet_1_2_3_4__449806.jpg,1066,150,internet_on,363,60,392,96
PowerOn_Internet_1_2_3_4__449806.jpg,1066,150,1_on,556,51,577,95
PowerOn_Internet_1_2_3_4__449806.jpg,1066,150,2_on,616,54,639,98
PowerOn_Internet_1_2_3_4__449806.jpg,1066,150,3_on,671,53,702,99
PowerOn_Internet_1_2_3_4__449806.jpg,1066,150,4_on,742,56,766,93
PowerOn_Internet_1_2_3_4__338242.jpg,1066,150,power_on,289,69,311,113
PowerOn_Internet_1_2_3_4__338242.jpg,1066,150,internet_on,349,74,384,117
PowerOn_Internet_1_2_3_4__338242.jpg,1066,150,1_on,542,74,563,108
PowerOn_Internet_1_2_3_4__338242.jpg,1066,150,2_on,596,72,624,110
PowerOn_Internet_1_2_3_4__338242.jpg,1066,150,3_on,660,74,684,108
PowerOn_Internet_1_2_3_4__338242.jpg,1066,150,4_on,721,73,746,112
PowerOn_Internet_1_2_3_4__258398.jpg,1066,150,power_on,286,63,312,98
PowerOn_Internet_1_2_3_4__258398.jpg,1066,150,internet_on,346,63,377,96
PowerOn_Internet_1_2_3_4__258398.jpg,1066,150,1_on,532,57,558,92
PowerOn_Internet_1_2_3_4__258398.jpg,1066,150,2_on,589,55,621,97
PowerOn_Internet_1_2_3_4__258398.jpg,1066,150,3_on,654,57,685,98
PowerOn_Internet_1_2_3_4__258398.jpg,1066,150,4_on,717,59,742,99
PowerOn_Internet_1_2_3_4__305921.jpg,1066,150,power_on,278,65,308,99
PowerOn_Internet_1_2_3_4__305921.jpg,1066,150,internet_on,345,64,370,100
PowerOn_Internet_1_2_3_4__305921.jpg,1066,150,1_on,525,64,556,103
PowerOn_Internet_1_2_3_4__305921.jpg,1066,150,2_on,591,63,617,104
PowerOn_Internet_1_2_3_4__305921.jpg,1066,150,3_on,646,64,678,106
PowerOn_Internet_1_2_3_4__305921.jpg,1066,150,4_on,713,62,740,108
PowerOn_Internet_1_2_3_4__447550.jpg,1066,150,power_on,289,63,317,98
PowerOn_Internet_1_2_3_4__447550.jpg,1066,150,internet_on,346,63,376,102
PowerOn_Internet_1_2_3_4__447550.jpg,1066,150,1_on,527,57,556,99
PowerOn_Internet_1_2_3_4__447550.jpg,1066,150,2_on,583,59,608,99
PowerOn_Internet_1_2_3_4__447550.jpg,1066,150,3_on,641,62,664,99
PowerOn_Internet_1_2_3_4__447550.jpg,1066,150,4_on,699,63,734,102
PowerOn_Internet_1_2_3_4__344564.jpg,1066,150,power_on,274,57,306,96
PowerOn_Internet_1_2_3_4__344564.jpg,1066,150,internet_on,338,60,371,95
PowerOn_Internet_1_2_3_4__344564.jpg,1066,150,1_on,528,50,552,96
PowerOn_Internet_1_2_3_4__344564.jpg,1066,150,2_on,584,50,619,99
PowerOn_Internet_1_2_3_4__344564.jpg,1066,150,3_on,653,56,684,102
PowerOn_Internet_1_2_3_4__344564.jpg,1066,150,4_on,718,53,741,102
PowerOn_Internet_1_2_3_4__384768.jpg,1066,150,power_on,287,69,321,107
PowerOn_Internet_1_2_3_4__384768.jpg,1066,150,internet_on,350,66,382,107
PowerOn_Internet_1_2_3_4__384768.jpg,1066,150,1_on,535,63,562,102
PowerOn_Internet_1_2_3_4__384768.jpg,1066,150,2_on,592,63,620,107
PowerOn_Internet_1_2_3_4__384768.jpg,1066,150,3_on,649,66,678,107
PowerOn_Internet_1_2_3_4__384768.jpg,1066,150,4_on,712,66,743,107
PowerOn_Internet_1_2_3_4__234901.jpg,1066,150,power_on,294,69,317,99
PowerOn_Internet_1_2_3_4__234901.jpg,1066,150,internet_on,353,66,386,101
PowerOn_Internet_1_2_3_4__234901.jpg,1066,150,1_on,534,64,558,103
PowerOn_Internet_1_2_3_4__234901.jpg,1066,150,2_on,592,64,619,103
PowerOn_Internet_1_2_3_4__234901.jpg,1066,150,3_on,646,65,677,105
PowerOn_Internet_1_2_3_4__234901.jpg,1066,150,4_on,711,66,739,107
PowerOn_Internet_1_2_3_4__283748.jpg,1066,150,power_on,281,63,311,98
PowerOn_Internet_1_2_3_4__283748.jpg,1066,150,internet_on,341,65,374,102
PowerOn_Internet_1_2_3_4__283748.jpg,1066,150,1_on,527,62,559,105
PowerOn_Internet_1_2_3_4__283748.jpg,1066,150,2_on,592,65,620,102
PowerOn_Internet_1_2_3_4__283748.jpg,1066,150,3_on,645,62,680,108
PowerOn_Internet_1_2_3_4__283748.jpg,1066,150,4_on,710,64,743,109
PowerOn_Internet_1_2_3_4__356808.jpg,1066,150,power_on,295,65,331,105
PowerOn_Internet_1_2_3_4__356808.jpg,1066,150,internet_on,359,66,385,107
PowerOn_Internet_1_2_3_4__356808.jpg,1066,150,1_on,548,65,569,105
PowerOn_Internet_1_2_3_4__356808.jpg,1066,150,2_on,606,62,630,114
PowerOn_Internet_1_2_3_4__356808.jpg,1066,150,3_on,664,63,693,110
PowerOn_Internet_1_2_3_4__356808.jpg,1066,150,4_on,721,67,752,112
PowerOn_Internet_1_2_3_4__360821.jpg,1066,150,power_on,289,63,317,95
PowerOn_Internet_1_2_3_4__360821.jpg,1066,150,internet_on,350,58,388,97
PowerOn_Internet_1_2_3_4__360821.jpg,1066,150,1_on,544,53,571,96
PowerOn_Internet_1_2_3_4__360821.jpg,1066,150,2_on,606,50,635,96
PowerOn_Internet_1_2_3_4__360821.jpg,1066,150,3_on,669,54,700,95
PowerOn_Internet_1_2_3_4__360821.jpg,1066,150,4_on,732,56,764,96
PowerOn_Internet_1_2_3_4__250074.jpg,1066,150,power_on,292,54,325,95
PowerOn_Internet_1_2_3_4__250074.jpg,1066,150,internet_on,352,56,385,90
PowerOn_Internet_1_2_3_4__250074.jpg,1066,150,1_on,535,52,570,88
PowerOn_Internet_1_2_3_4__250074.jpg,1066,150,2_on,596,50,629,90
PowerOn_Internet_1_2_3_4__250074.jpg,1066,150,3_on,656,48,688,89
PowerOn_Internet_1_2_3_4__250074.jpg,1066,150,4_on,719,52,746,94
PowerOn_Internet_1_2_3_4__408911.jpg,1066,150,power_on,299,62,322,99
PowerOn_Internet_1_2_3_4__408911.jpg,1066,150,internet_on,355,62,388,102
PowerOn_Internet_1_2_3_4__408911.jpg,1066,150,1_on,543,59,567,99
PowerOn_Internet_1_2_3_4__408911.jpg,1066,150,2_on,599,63,626,105
PowerOn_Internet_1_2_3_4__408911.jpg,1066,150,3_on,660,59,687,105
PowerOn_Internet_1_2_3_4__408911.jpg,1066,150,4_on,720,62,746,105
PowerOn_Internet_1_2_3_4__241794.jpg,1066,150,power_on,282,65,310,102
PowerOn_Internet_1_2_3_4__241794.jpg,1066,150,internet_on,344,67,374,106
PowerOn_Internet_1_2_3_4__241794.jpg,1066,150,1_on,533,63,556,99
PowerOn_Internet_1_2_3_4__241794.jpg,1066,150,2_on,587,63,618,99
PowerOn_Internet_1_2_3_4__241794.jpg,1066,150,3_on,654,63,679,98
PowerOn_Internet_1_2_3_4__241794.jpg,1066,150,4_on,715,65,740,102
PowerOn_Internet_1_2_3_4__354825.jpg,1066,150,power_on,289,62,313,102
PowerOn_Internet_1_2_3_4__354825.jpg,1066,150,internet_on,349,63,378,102
PowerOn_Internet_1_2_3_4__354825.jpg,1066,150,1_on,539,58,563,97
PowerOn_Internet_1_2_3_4__354825.jpg,1066,150,2_on,602,59,621,105
PowerOn_Internet_1_2_3_4__354825.jpg,1066,150,3_on,662,60,685,96
PowerOn_Internet_1_2_3_4__354825.jpg,1066,150,4_on,721,56,745,105
PowerOn_Internet_1_2_3_4__364702.jpg,1066,150,power_on,278,61,309,94
PowerOn_Internet_1_2_3_4__364702.jpg,1066,150,internet_on,340,63,372,95
PowerOn_Internet_1_2_3_4__364702.jpg,1066,150,1_on,523,53,549,96
PowerOn_Internet_1_2_3_4__364702.jpg,1066,150,2_on,584,54,614,95
PowerOn_Internet_1_2_3_4__364702.jpg,1066,150,3_on,644,55,674,97
PowerOn_Internet_1_2_3_4__364702.jpg,1066,150,4_on,700,54,735,98
PowerOn_Internet_1_2_3_4__311389.jpg,1066,150,power_on,300,54,324,98
PowerOn_Internet_1_2_3_4__311389.jpg,1066,150,internet_on,353,55,389,109
PowerOn_Internet_1_2_3_4__311389.jpg,1066,150,1_on,549,54,569,98
PowerOn_Internet_1_2_3_4__311389.jpg,1066,150,2_on,601,62,635,102
PowerOn_Internet_1_2_3_4__311389.jpg,1066,150,3_on,663,54,687,95
PowerOn_Internet_1_2_3_4__311389.jpg,1066,150,4_on,712,56,751,99
PowerOn_Internet_1_2_3_4__358564.jpg,1066,150,power_on,299,63,321,98
PowerOn_Internet_1_2_3_4__358564.jpg,1066,150,internet_on,353,67,392,103
PowerOn_Internet_1_2_3_4__358564.jpg,1066,150,internet_on,542,60,567,95
PowerOn_Internet_1_2_3_4__358564.jpg,1066,150,2_on,600,60,627,95
PowerOn_Internet_1_2_3_4__358564.jpg,1066,150,3_on,655,58,691,97
PowerOn_Internet_1_2_3_4__358564.jpg,1066,150,4_on,720,62,752,105
PowerOn_Internet_1_2_3_4__406119.jpg,1066,150,power_on,285,60,317,99
PowerOn_Internet_1_2_3_4__406119.jpg,1066,150,internet_on,342,63,376,98
PowerOn_Internet_1_2_3_4__406119.jpg,1066,150,1_on,537,56,559,93
PowerOn_Internet_1_2_3_4__406119.jpg,1066,150,2_on,596,62,621,99
PowerOn_Internet_1_2_3_4__406119.jpg,1066,150,3_on,657,59,681,99
PowerOn_Internet_1_2_3_4__406119.jpg,1066,150,4_on,719,60,741,102
PowerOn_Internet_1_2_3_4__332959.jpg,1066,150,power_on,295,56,321,99
PowerOn_Internet_1_2_3_4__332959.jpg,1066,150,internet_on,353,56,389,99
PowerOn_Internet_1_2_3_4__332959.jpg,1066,150,1_on,543,56,570,102
PowerOn_Internet_1_2_3_4__332959.jpg,1066,150,2_on,602,56,626,99
PowerOn_Internet_1_2_3_4__332959.jpg,1066,150,3_on,658,55,689,109
PowerOn_Internet_1_2_3_4__332959.jpg,1066,150,4_on,724,56,744,105
PowerOn_Internet_1_2_3_4__364100.jpg,1066,150,power_on,296,63,329,95
PowerOn_Internet_1_2_3_4__364100.jpg,1066,150,internet_on,360,60,395,92
PowerOn_Internet_1_2_3_4__364100.jpg,1066,150,1_on,552,56,577,90
PowerOn_Internet_1_2_3_4__364100.jpg,1066,150,2_on,614,55,637,94
PowerOn_Internet_1_2_3_4__364100.jpg,1066,150,3_on,673,54,703,95
PowerOn_Internet_1_2_3_4__364100.jpg,1066,150,4_on,735,55,767,91
PowerOn_2hz_5hz__612207.jpg,1066,150,power_on,269,77,295,102
PowerOn_2hz_5hz__612207.jpg,1066,150,2hz_on,388,77,424,103
PowerOn_2hz_5hz__612207.jpg,1066,150,5hz_on,448,74,484,102
PowerOn_Internet_1_2_3_4__377633.jpg,1066,150,power_on,283,57,317,98
PowerOn_Internet_1_2_3_4__377633.jpg,1066,150,internet_on,341,57,383,98
PowerOn_Internet_1_2_3_4__377633.jpg,1066,150,1_on,540,52,563,91
PowerOn_Internet_1_2_3_4__377633.jpg,1066,150,2_on,602,50,626,96
PowerOn_Internet_1_2_3_4__377633.jpg,1066,150,3_on,662,54,685,95
PowerOn_Internet_1_2_3_4__377633.jpg,1066,150,4_on,727,49,750,103
PowerOn_Internet_1_2_3_4__420861.jpg,1066,150,power_on,303,65,331,99
PowerOn_Internet_1_2_3_4__420861.jpg,1066,150,internet_on,361,62,397,102
PowerOn_Internet_1_2_3_4__420861.jpg,1066,150,1_on,546,65,569,102
PowerOn_Internet_1_2_3_4__420861.jpg,1066,150,2_on,599,63,629,104
PowerOn_Internet_1_2_3_4__420861.jpg,1066,150,3_on,660,65,684,105
PowerOn_Internet_1_2_3_4__420861.jpg,1066,150,4_on,718,63,745,107
PowerOn_Internet_1_2_3_4__413717.jpg,1066,150,power_on,293,60,324,102
PowerOn_Internet_1_2_3_4__413717.jpg,1066,150,internet_on,352,60,386,102
PowerOn_Internet_1_2_3_4__413717.jpg,1066,150,1_on,543,61,564,97
PowerOn_Internet_1_2_3_4__413717.jpg,1066,150,2_on,603,56,628,102
PowerOn_Internet_1_2_3_4__413717.jpg,1066,150,3_on,664,62,684,99
PowerOn_Internet_1_2_3_4__413717.jpg,1066,150,4_on,720,60,745,105
PowerOn_Internet_1_2_3_4__465859.jpg,1066,150,power_on,281,69,314,105
PowerOn_Internet_1_2_3_4__465859.jpg,1066,150,internet_on,335,69,366,107
PowerOn_Internet_1_2_3_4__465859.jpg,1066,150,1_on,521,67,551,106
PowerOn_Internet_1_2_3_4__465859.jpg,1066,150,2_on,587,70,617,106
PowerOn_Internet_1_2_3_4__465859.jpg,1066,150,3_on,648,68,678,111
PowerOn_Internet_1_2_3_4__465859.jpg,1066,150,4_on,713,70,736,109
PowerOn_Internet_1_2_3_4__336727.jpg,1066,150,power_on,329,62,359,102
PowerOn_Internet_1_2_3_4__336727.jpg,1066,150,internet_on,388,59,422,102
PowerOn_Internet_1_2_3_4__336727.jpg,1066,150,1_on,574,62,599,105
PowerOn_Internet_1_2_3_4__336727.jpg,1066,150,2_on,631,58,656,106
PowerOn_Internet_1_2_3_4__336727.jpg,1066,150,3_on,689,63,714,104
PowerOn_Internet_1_2_3_4__336727.jpg,1066,150,4_on,744,63,770,102
PowerOn_Internet_1_2_3_4__276471.jpg,1066,150,power_on,292,66,324,102
PowerOn_Internet_1_2_3_4__276471.jpg,1066,150,internet_on,355,63,389,101
PowerOn_Internet_1_2_3_4__276471.jpg,1066,150,1_on,545,63,567,98
PowerOn_Internet_1_2_3_4__276471.jpg,1066,150,2_on,602,65,630,102
PowerOn_Internet_1_2_3_4__276471.jpg,1066,150,3_on,658,62,688,102
PowerOn_Internet_1_2_3_4__276471.jpg,1066,150,4_on,724,63,749,104
PowerOn_2hz_5hz__851861.jpg,1066,150,power_on,266,80,294,105
PowerOn_2hz_5hz__851861.jpg,1066,150,2hz_on,388,77,417,102
PowerOn_2hz_5hz__851861.jpg,1066,150,5hz_on,445,74,482,96
PowerOn_Internet_1_2_3_4__432054.jpg,1066,150,power_on,302,62,333,99
PowerOn_Internet_1_2_3_4__432054.jpg,1066,150,internet_on,365,62,393,105
PowerOn_Internet_1_2_3_4__432054.jpg,1066,150,1_on,546,62,573,99
PowerOn_Internet_1_2_3_4__432054.jpg,1066,150,2_on,602,63,621,101
PowerOn_Internet_1_2_3_4__432054.jpg,1066,150,3_on,662,65,682,102
PowerOn_Internet_1_2_3_4__432054.jpg,1066,150,4_on,717,66,749,104
PowerOn_Internet_1_2_3_4__461778.jpg,1066,150,power_on,295,59,327,99
PowerOn_Internet_1_2_3_4__461778.jpg,1066,150,internet_on,359,63,387,99
PowerOn_Internet_1_2_3_4__461778.jpg,1066,150,1_on,546,58,573,91
PowerOn_Internet_1_2_3_4__461778.jpg,1066,150,2_on,607,56,638,99
PowerOn_Internet_1_2_3_4__461778.jpg,1066,150,3_on,671,56,695,99
PowerOn_Internet_1_2_3_4__461778.jpg,1066,150,4_on,722,57,757,99
PowerOn_Internet_1_2_3_4__396197.jpg,1066,150,power_on,263,65,289,105
PowerOn_Internet_1_2_3_4__396197.jpg,1066,150,internet_on,319,66,355,104
PowerOn_Internet_1_2_3_4__396197.jpg,1066,150,1_on,504,63,529,101
PowerOn_Internet_1_2_3_4__396197.jpg,1066,150,2_on,563,62,589,102
PowerOn_Internet_1_2_3_4__396197.jpg,1066,150,3_on,625,62,652,108
PowerOn_Internet_1_2_3_4__396197.jpg,1066,150,4_on,685,60,714,102
PowerOn_2hz_5hz__690005.jpg,1066,150,power_on,312,69,339,96
PowerOn_2hz_5hz__690005.jpg,1066,150,2hz_on,428,71,459,96
PowerOn_2hz_5hz__690005.jpg,1066,150,5hz_on,481,69,523,94
PowerOn_Internet_1_2_3_4__395138.jpg,1066,150,power_on,327,65,360,99
PowerOn_Internet_1_2_3_4__395138.jpg,1066,150,internet_on,389,62,421,99
PowerOn_Internet_1_2_3_4__395138.jpg,1066,150,1_on,574,62,597,99
PowerOn_Internet_1_2_3_4__395138.jpg,1066,150,2_on,627,65,663,105
PowerOn_Internet_1_2_3_4__395138.jpg,1066,150,3_on,689,63,715,107
PowerOn_Internet_1_2_3_4__395138.jpg,1066,150,4_on,743,65,775,102
PowerOn_Internet_1_2_3_4__449552.jpg,1066,150,power_on,278,60,303,92
PowerOn_Internet_1_2_3_4__449552.jpg,1066,150,internet_on,335,54,367,98
PowerOn_Internet_1_2_3_4__449552.jpg,1066,150,1_on,524,59,551,93
PowerOn_Internet_1_2_3_4__449552.jpg,1066,150,2_on,587,57,617,102
PowerOn_Internet_1_2_3_4__449552.jpg,1066,150,3_on,648,59,677,99
PowerOn_Internet_1_2_3_4__449552.jpg,1066,150,4_on,713,56,747,93
PowerOn_Internet_1_2_3_4__388394.jpg,1066,150,power_on,273,56,308,93
PowerOn_Internet_1_2_3_4__388394.jpg,1066,150,internet_on,338,60,377,96
PowerOn_Internet_1_2_3_4__388394.jpg,1066,150,1_on,531,56,556,90
PowerOn_Internet_1_2_3_4__388394.jpg,1066,150,2_on,591,54,620,89
PowerOn_Internet_1_2_3_4__388394.jpg,1066,150,3_on,653,54,677,95
PowerOn_Internet_1_2_3_4__388394.jpg,1066,150,4_on,716,56,746,99
PowerOn_Internet_1_2_3_4__410235.jpg,1066,150,power_on,295,58,325,94
PowerOn_Internet_1_2_3_4__410235.jpg,1066,150,internet_on,358,56,388,99
PowerOn_Internet_1_2_3_4__410235.jpg,1066,150,1_on,544,59,570,99
PowerOn_Internet_1_2_3_4__410235.jpg,1066,150,2_on,602,60,627,99
PowerOn_Internet_1_2_3_4__410235.jpg,1066,150,3_on,660,57,688,105
PowerOn_Internet_1_2_3_4__410235.jpg,1066,150,4_on,719,56,749,102
PowerOn_Internet_1_2_3_4__407749.jpg,1066,150,power_on,273,69,308,113
PowerOn_Internet_1_2_3_4__407749.jpg,1066,150,internet_on,339,70,372,109
PowerOn_Internet_1_2_3_4__407749.jpg,1066,150,1_on,533,69,553,105
PowerOn_Internet_1_2_3_4__407749.jpg,1066,150,2_on,592,66,619,107
PowerOn_Internet_1_2_3_4__407749.jpg,1066,150,3_on,652,69,678,110
PowerOn_Internet_1_2_3_4__407749.jpg,1066,150,4_on,715,73,742,112
PowerOn_Internet_1_2_3_4__381950.jpg,1066,150,power_on,284,66,311,107
PowerOn_Internet_1_2_3_4__381950.jpg,1066,150,internet_on,345,69,370,107
PowerOn_Internet_1_2_3_4__381950.jpg,1066,150,1_on,527,57,559,105
PowerOn_Internet_1_2_3_4__381950.jpg,1066,150,2_on,587,66,618,110
PowerOn_Internet_1_2_3_4__381950.jpg,1066,150,3_on,649,69,680,110
PowerOn_Internet_1_2_3_4__381950.jpg,1066,150,4_on,710,67,745,112
